"Sex","Event","Age","Penalty","Level","rho","eta","Standard","Baseline","Change"
"Female","5 km",13,"rho","Low",1,1000,971.491954820936,962.494095755705,0.934848234904373
"Female","5 km",14,"rho","Low",1,1000,950.29846125713,935.11394721073,1.62381430537872
"Female","5 km",15,"rho","Low",1,1000,938.546731012556,919.950728820131,2.02141284417214
"Female","5 km",16,"rho","Low",1,1000,928.082977354318,906.490048470708,2.38203705821571
"Female","5 km",17,"rho","Low",1,1000,918.23806174186,893.923495685481,2.71998288150308
"Female","5 km",18,"rho","Low",1,1000,909.260990847337,882.681684486555,3.01119948764355
"Female","5 km",19,"rho","Low",1,1000,901.349776430899,873.129387076771,3.23209707195959
"Female","5 km",20,"rho","Low",1,1000,894.63160972464,865.444657519163,3.37248048756147
"Female","5 km",21,"rho","Low",1,1000,889.179992013285,859.74830897827,3.42329059884878
"Female","5 km",22,"rho","Low",1,1000,885.046410553617,856.200845518818,3.36901851776621
"Female","5 km",23,"rho","Low",1,1000,882.244265392461,854.900268508723,3.19850137975
"Female","5 km",24,"rho","Low",1,1000,880.714788532132,855.664448630342,2.92758919011866
"Female","5 km",25,"rho","Low",1,1000,880.33896070443,858.090904309495,2.59273886754903
"Female","5 km",26,"rho","Low",1,1000,880.98486410994,861.763761197834,2.23043759526265
"Female","5 km",27,"rho","Low",1,1000,882.514321976182,866.318604236569,1.86948746805282
"Female","5 km",28,"rho","Low",1,1000,884.782768046548,871.441271370576,1.53096910994235
"Female","5 km",29,"rho","Low",1,1000,887.675154637378,876.895012957663,1.22935374479491
"Female","5 km",30,"rho","Low",1,1000,891.118944512516,882.525192338821,0.973768482565363
"Female","5 km",31,"rho","Low",1,1000,895.051429488866,888.219137259871,0.769212454718349
"Female","5 km",32,"rho","Low",1,1000,899.404978053466,893.884993691269,0.617527355437741
"Female","5 km",33,"rho","Low",1,1000,904.105008786184,899.444532355252,0.518150509929494
"Female","5 km",34,"rho","Low",1,1000,909.076716227772,904.836011054511,0.468671131724552
"Female","5 km",35,"rho","Low",1,1000,914.257651841792,910.029919320535,0.464570717017065
"Female","5 km",36,"rho","Low",1,1000,919.594921918291,915.056148504352,0.496010372845257
"Female","5 km",37,"rho","Low",1,1000,925.056084309398,920.012629157182,0.548194121730261
"Female","5 km",38,"rho","Low",1,1000,930.632852208524,924.936187270866,0.615898157738481
"Female","5 km",39,"rho","Low",1,1000,936.327792378517,929.84125368309,0.697596355263297
"Female","5 km",40,"rho","Low",1,1000,942.140672051155,934.722499622814,0.793622966317198
"Female","5 km",41,"rho","Low",1,1000,948.076970702997,939.575485926468,0.904821901366071
"Female","5 km",42,"rho","Low",1,1000,954.155383828139,944.405113427877,1.03242456670647
"Female","5 km",43,"rho","Low",1,1000,960.403981353515,949.233169397045,1.17682486417596
"Female","5 km",44,"rho","Low",1,1000,966.861094979879,954.139596312466,1.33329532875255
"Female","5 km",45,"rho","Low",1,1000,973.594357074746,959.280854883624,1.49210756352041
"Female","5 km",46,"rho","Low",1,1000,980.683652745264,964.865870878497,1.639376243287
"Female","5 km",47,"rho","Low",1,1000,988.224283070895,971.161207686073,1.75697662239596
"Female","5 km",48,"rho","Low",1,1000,996.325707940288,978.475992195008,1.82423645420653
"Female","5 km",49,"rho","Low",1,1000,1005.07415624797,987.00232806497,1.83098131272215
"Female","5 km",50,"rho","Low",1,1000,1014.50490246174,996.610257173015,1.79555098494399
"Female","5 km",51,"rho","Low",1,1000,1024.6037918072,1007.02963082788,1.74514834929689
"Female","5 km",52,"rho","Low",1,1000,1035.3199821939,1017.98825146925,1.70254722484628
"Female","5 km",53,"rho","Low",1,1000,1046.58256505215,1029.24623322473,1.68437165644038
"Female","5 km",54,"rho","Low",1,1000,1058.30826535278,1040.60794499294,1.70095956359122
"Female","5 km",55,"rho","Low",1,1000,1070.43021772855,1051.96338017332,1.7554639166419
"Female","5 km",56,"rho","Low",1,1000,1082.90538893086,1063.29166273045,1.84462334163724
"Female","5 km",57,"rho","Low",1,1000,1095.6947790381,1074.58454149639,1.96450225426867
"Female","5 km",58,"rho","Low",1,1000,1108.74437866184,1085.77779463092,2.11521953612257
"Female","5 km",59,"rho","Low",1,1000,1122.02366002703,1096.81686964496,2.29817675855228
"Female","5 km",60,"rho","Low",1,1000,1135.54903528164,1107.68038153206,2.51594721855015
"Female","5 km",61,"rho","Low",1,1000,1149.37966129655,1118.37739125965,2.77207589130359
"Female","5 km",62,"rho","Low",1,1000,1163.6006900446,1128.9423574219,3.06998248359123
"Female","5 km",63,"rho","Low",1,1000,1178.30338382151,1139.44627407189,3.41017480453498
"Female","5 km",64,"rho","Low",1,1000,1193.58617510043,1150.09859641279,3.78120439615204
"Female","5 km",65,"rho","Low",1,1000,1209.58704230649,1161.35672635597,4.15292862700785
"Female","5 km",66,"rho","Low",1,1000,1226.41926638309,1173.82242035587,4.48081797681708
"Female","5 km",67,"rho","Low",1,1000,1244.14585979576,1188.19391971142,4.70899060802481
"Female","5 km",68,"rho","Low",1,1000,1262.77222273532,1205.20886203698,4.77621452277157
"Female","5 km",69,"rho","Low",1,1000,1282.22328715124,1225.23165696622,4.65149834000738
"Female","5 km",70,"rho","Low",1,1000,1302.31129434101,1247.65567217714,4.38066554600731
"Female","5 km",71,"rho","Low",1,1000,1322.81552375478,1271.55159729203,4.03160411043635
"Female","5 km",72,"rho","Low",1,1000,1343.53745169741,1296.12257077635,3.65820964699772
"Female","5 km",73,"rho","Low",1,1000,1364.31519934367,1320.81348850012,3.29355440584964
"Female","5 km",74,"rho","Low",1,1000,1385.07557566776,1345.39883054395,2.94906939288546
"Female","5 km",75,"rho","Low",1,1000,1405.78953302903,1369.80121546779,2.62726570504301
"Female","5 km",76,"rho","Low",1,1000,1426.45163680955,1393.99882033975,2.32803758484463
"Female","5 km",77,"rho","Low",1,1000,1447.06727179167,1418.00969630024,2.04918031006716
"Female","5 km",78,"rho","Low",1,1000,1467.63838050499,1441.84997212966,1.78856391953459
"Female","5 km",79,"rho","Low",1,1000,1489.83899812587,1467.39196081767,1.52972333961057
"Female","5 km",80,"rho","Low",1,1000,1528.92585090481,1512.01006320874,1.11876158153126
"Female","5 km",13,"rho","Current",50,1000,962.494095755705,962.494095755705,0
"Female","5 km",14,"rho","Current",50,1000,935.11394721073,935.11394721073,0
"Female","5 km",15,"rho","Current",50,1000,919.950728820131,919.950728820131,0
"Female","5 km",16,"rho","Current",50,1000,906.490048470708,906.490048470708,0
"Female","5 km",17,"rho","Current",50,1000,893.923495685481,893.923495685481,0
"Female","5 km",18,"rho","Current",50,1000,882.681684486555,882.681684486555,0
"Female","5 km",19,"rho","Current",50,1000,873.129387076771,873.129387076771,0
"Female","5 km",20,"rho","Current",50,1000,865.444657519163,865.444657519163,0
"Female","5 km",21,"rho","Current",50,1000,859.74830897827,859.74830897827,0
"Female","5 km",22,"rho","Current",50,1000,856.200845518818,856.200845518818,0
"Female","5 km",23,"rho","Current",50,1000,854.900268508723,854.900268508723,0
"Female","5 km",24,"rho","Current",50,1000,855.664448630342,855.664448630342,0
"Female","5 km",25,"rho","Current",50,1000,858.090904309495,858.090904309495,0
"Female","5 km",26,"rho","Current",50,1000,861.763761197834,861.763761197834,0
"Female","5 km",27,"rho","Current",50,1000,866.318604236569,866.318604236569,0
"Female","5 km",28,"rho","Current",50,1000,871.441271370576,871.441271370576,0
"Female","5 km",29,"rho","Current",50,1000,876.895012957663,876.895012957663,0
"Female","5 km",30,"rho","Current",50,1000,882.525192338821,882.525192338821,0
"Female","5 km",31,"rho","Current",50,1000,888.219137259871,888.219137259871,0
"Female","5 km",32,"rho","Current",50,1000,893.884993691269,893.884993691269,0
"Female","5 km",33,"rho","Current",50,1000,899.444532355252,899.444532355252,0
"Female","5 km",34,"rho","Current",50,1000,904.836011054511,904.836011054511,0
"Female","5 km",35,"rho","Current",50,1000,910.029919320535,910.029919320535,0
"Female","5 km",36,"rho","Current",50,1000,915.056148504352,915.056148504352,0
"Female","5 km",37,"rho","Current",50,1000,920.012629157182,920.012629157182,0
"Female","5 km",38,"rho","Current",50,1000,924.936187270866,924.936187270866,0
"Female","5 km",39,"rho","Current",50,1000,929.84125368309,929.84125368309,0
"Female","5 km",40,"rho","Current",50,1000,934.722499622814,934.722499622814,0
"Female","5 km",41,"rho","Current",50,1000,939.575485926468,939.575485926468,0
"Female","5 km",42,"rho","Current",50,1000,944.405113427877,944.405113427877,0
"Female","5 km",43,"rho","Current",50,1000,949.233169397045,949.233169397045,0
"Female","5 km",44,"rho","Current",50,1000,954.139596312466,954.139596312466,0
"Female","5 km",45,"rho","Current",50,1000,959.280854883624,959.280854883624,0
"Female","5 km",46,"rho","Current",50,1000,964.865870878497,964.865870878497,0
"Female","5 km",47,"rho","Current",50,1000,971.161207686073,971.161207686073,0
"Female","5 km",48,"rho","Current",50,1000,978.475992195008,978.475992195008,0
"Female","5 km",49,"rho","Current",50,1000,987.00232806497,987.00232806497,0
"Female","5 km",50,"rho","Current",50,1000,996.610257173015,996.610257173015,0
"Female","5 km",51,"rho","Current",50,1000,1007.02963082788,1007.02963082788,0
"Female","5 km",52,"rho","Current",50,1000,1017.98825146925,1017.98825146925,0
"Female","5 km",53,"rho","Current",50,1000,1029.24623322473,1029.24623322473,0
"Female","5 km",54,"rho","Current",50,1000,1040.60794499294,1040.60794499294,0
"Female","5 km",55,"rho","Current",50,1000,1051.96338017332,1051.96338017332,0
"Female","5 km",56,"rho","Current",50,1000,1063.29166273045,1063.29166273045,0
"Female","5 km",57,"rho","Current",50,1000,1074.58454149639,1074.58454149639,0
"Female","5 km",58,"rho","Current",50,1000,1085.77779463092,1085.77779463092,0
"Female","5 km",59,"rho","Current",50,1000,1096.81686964496,1096.81686964496,0
"Female","5 km",60,"rho","Current",50,1000,1107.68038153206,1107.68038153206,0
"Female","5 km",61,"rho","Current",50,1000,1118.37739125965,1118.37739125965,0
"Female","5 km",62,"rho","Current",50,1000,1128.9423574219,1128.9423574219,0
"Female","5 km",63,"rho","Current",50,1000,1139.44627407189,1139.44627407189,0
"Female","5 km",64,"rho","Current",50,1000,1150.09859641279,1150.09859641279,0
"Female","5 km",65,"rho","Current",50,1000,1161.35672635597,1161.35672635597,0
"Female","5 km",66,"rho","Current",50,1000,1173.82242035587,1173.82242035587,0
"Female","5 km",67,"rho","Current",50,1000,1188.19391971142,1188.19391971142,0
"Female","5 km",68,"rho","Current",50,1000,1205.20886203698,1205.20886203698,0
"Female","5 km",69,"rho","Current",50,1000,1225.23165696622,1225.23165696622,0
"Female","5 km",70,"rho","Current",50,1000,1247.65567217714,1247.65567217714,0
"Female","5 km",71,"rho","Current",50,1000,1271.55159729203,1271.55159729203,0
"Female","5 km",72,"rho","Current",50,1000,1296.12257077635,1296.12257077635,0
"Female","5 km",73,"rho","Current",50,1000,1320.81348850012,1320.81348850012,0
"Female","5 km",74,"rho","Current",50,1000,1345.39883054395,1345.39883054395,0
"Female","5 km",75,"rho","Current",50,1000,1369.80121546779,1369.80121546779,0
"Female","5 km",76,"rho","Current",50,1000,1393.99882033975,1393.99882033975,0
"Female","5 km",77,"rho","Current",50,1000,1418.00969630024,1418.00969630024,0
"Female","5 km",78,"rho","Current",50,1000,1441.84997212966,1441.84997212966,0
"Female","5 km",79,"rho","Current",50,1000,1467.39196081767,1467.39196081767,0
"Female","5 km",80,"rho","Current",50,1000,1512.01006320874,1512.01006320874,0
"Female","5 km",13,"rho","High",1000,1000,962.298119428694,962.494095755705,-0.0203613017342175
"Female","5 km",14,"rho","High",1000,1000,934.135533656506,935.11394721073,-0.104630409710205
"Female","5 km",15,"rho","High",1000,1000,918.532706641254,919.950728820131,-0.154141100653915
"Female","5 km",16,"rho","High",1000,1000,904.672671238368,906.490048470708,-0.200485072660861
"Female","5 km",17,"rho","High",1000,1000,891.721043883286,893.923495685481,-0.246380346061525
"Female","5 km",18,"rho","High",1000,1000,880.122546600213,882.681684486555,-0.289927607122653
"Female","5 km",19,"rho","High",1000,1000,870.268401449673,873.129387076771,-0.327670293709481
"Female","5 km",20,"rho","High",1000,1000,862.383828729237,865.444657519163,-0.35367123285508
"Female","5 km",21,"rho","High",1000,1000,856.65101795704,859.74830897827,-0.36025555257102
"Female","5 km",22,"rho","High",1000,1000,853.290524713935,856.200845518818,-0.339910994028358
"Female","5 km",23,"rho","High",1000,1000,852.389579581451,854.900268508723,-0.293682084303382
"Female","5 km",24,"rho","High",1000,1000,853.628082989244,855.664448630342,-0.237986472893281
"Female","5 km",25,"rho","High",1000,1000,856.522749863171,858.090904309495,-0.182749221376
"Female","5 km",26,"rho","High",1000,1000,860.632965015205,861.763761197834,-0.131218813501344
"Female","5 km",27,"rho","High",1000,1000,865.581845763003,866.318604236569,-0.0850447479671668
"Female","5 km",28,"rho","High",1000,1000,871.046137222402,871.441271370576,-0.0453426020955328
"Female","5 km",29,"rho","High",1000,1000,876.782219493857,876.895012957663,-0.012862824185178
"Female","5 km",30,"rho","High",1000,1000,882.629808279004,882.525192338821,0.0118541590757193
"Female","5 km",31,"rho","High",1000,1000,888.470979845325,888.219137259871,0.0283536545081509
"Female","5 km",32,"rho","High",1000,1000,894.208389340019,893.884993691269,0.0361786640376227
"Female","5 km",33,"rho","High",1000,1000,899.757648861602,899.444532355252,0.0348122085449543
"Female","5 km",34,"rho","High",1000,1000,905.049984984691,904.836011054511,0.0236478132573437
"Female","5 km",35,"rho","High",1000,1000,910.051050170311,910.029919320535,0.00232199506062791
"Female","5 km",36,"rho","High",1000,1000,914.805959319118,915.056148504352,-0.0273414025622976
"Female","5 km",37,"rho","High",1000,1000,919.454108961606,920.012629157182,-0.06070788355238
"Female","5 km",38,"rho","High",1000,1000,924.039750722671,924.936187270866,-0.0969187453720433
"Female","5 km",39,"rho","High",1000,1000,928.575033551268,929.84125368309,-0.136175946894779
"Female","5 km",40,"rho","High",1000,1000,933.057706198754,934.722499622814,-0.178105632926595
"Female","5 km",41,"rho","High",1000,1000,937.488137515993,939.575485926468,-0.222158670776296
"Female","5 km",42,"rho","High",1000,1000,941.877046607608,944.405113427877,-0.26768881111765
"Female","5 km",43,"rho","High",1000,1000,946.253726649076,949.233169397045,-0.313878912371046
"Female","5 km",44,"rho","High",1000,1000,950.714233828132,954.139596312466,-0.359000139767052
"Female","5 km",45,"rho","High",1000,1000,955.453417933805,959.280854883624,-0.398990236314434
"Female","5 km",46,"rho","High",1000,1000,960.735365703034,964.865870878497,-0.428091126459096
"Female","5 km",47,"rho","High",1000,1000,966.893855354314,971.161207686073,-0.439407206340792
"Female","5 km",48,"rho","High",1000,1000,974.309852215886,978.475992195008,-0.425778456738235
"Female","5 km",49,"rho","High",1000,1000,983.200560172208,987.00232806497,-0.385183275121082
"Female","5 km",50,"rho","High",1000,1000,993.3402108833,996.610257173015,-0.32811686074663
"Female","5 km",51,"rho","High",1000,1000,1004.31480469329,1007.02963082788,-0.269587512768898
"Female","5 km",52,"rho","High",1000,1000,1015.71623459431,1017.98825146925,-0.223186944610299
"Female","5 km",53,"rho","High",1000,1000,1027.2222480518,1029.24623322473,-0.196647323797872
"Female","5 km",54,"rho","High",1000,1000,1038.65846412244,1040.60794499294,-0.187340571430239
"Female","5 km",55,"rho","High",1000,1000,1049.95215989287,1051.96338017332,-0.191187290200512
"Female","5 km",56,"rho","High",1000,1000,1061.0638423355,1063.29166273045,-0.209521100657328
"Female","5 km",57,"rho","High",1000,1000,1071.96113922269,1074.58454149639,-0.244131771153233
"Female","5 km",58,"rho","High",1000,1000,1082.58504645584,1085.77779463092,-0.294051710292331
"Female","5 km",59,"rho","High",1000,1000,1092.89421345102,1096.81686964496,-0.357640031121476
"Female","5 km",60,"rho","High",1000,1000,1102.88185119604,1107.68038153206,-0.43320531951524
"Female","5 km",61,"rho","High",1000,1000,1112.57463482786,1118.37739125965,-0.518854947993497
"Female","5 km",62,"rho","High",1000,1000,1122.03053362905,1128.9423574219,-0.612238857671588
"Female","5 km",63,"rho","High",1000,1000,1131.32951153998,1139.44627407189,-0.712342715633763
"Female","5 km",64,"rho","High",1000,1000,1140.65423494052,1150.09859641279,-0.821178419113422
"Female","5 km",65,"rho","High",1000,1000,1150.54489644421,1161.35672635597,-0.930965453283783
"Female","5 km",66,"rho","High",1000,1000,1161.76958078075,1173.82242035587,-1.0268026377843
"Female","5 km",67,"rho","High",1000,1000,1175.23244135404,1188.19391971142,-1.09085546915845
"Female","5 km",68,"rho","High",1000,1000,1191.89594470813,1205.20886203698,-1.10461495498366
"Female","5 km",69,"rho","High",1000,1000,1212.25678405697,1225.23165696622,-1.05897303872929
"Female","5 km",70,"rho","High",1000,1000,1235.58622968424,1247.65567217714,-0.967369664728246
"Female","5 km",71,"rho","High",1000,1000,1260.74035793409,1271.55159729203,-0.850239925848473
"Female","5 km",72,"rho","High",1000,1000,1286.72969431964,1296.12257077635,-0.724690447377296
"Female","5 km",73,"rho","High",1000,1000,1312.86199130118,1320.81348850012,-0.602015142044698
"Female","5 km",74,"rho","High",1000,1000,1338.8513955921,1345.39883054395,-0.486653831058104
"Female","5 km",75,"rho","High",1000,1000,1364.59137840208,1369.80121546779,-0.380335263750509
"Female","5 km",76,"rho","High",1000,1000,1390.03682827384,1393.99882033975,-0.284217748831461
"Female","5 km",77,"rho","High",1000,1000,1415.19283407982,1418.00969630024,-0.19864900978952
"Female","5 km",78,"rho","High",1000,1000,1440.01138347342,1441.84997212966,-0.127515947691292
"Female","5 km",79,"rho","High",1000,1000,1466.18164144702,1467.39196081767,-0.0824809868784526
"Female","5 km",80,"rho","High",1000,1000,1511.1135399729,1512.01006320874,-0.0592934701730163
"Female","5 km",13,"eta","Low",50,0,962.495576165816,962.494095755705,0.000153809786218595
"Female","5 km",14,"eta","Low",50,0,935.11897231384,935.11394721073,0.000537378693232782
"Female","5 km",15,"eta","Low",50,0,919.957740364206,919.950728820131,0.00076216517419514
"Female","5 km",16,"eta","Low",50,0,906.498856434176,906.490048470708,0.000971655837056495
"Female","5 km",17,"eta","Low",50,0,893.934022454845,893.923495685481,0.00117759175302101
"Female","5 km",18,"eta","Low",50,0,882.69373663199,882.681684486555,0.00136540110062811
"Female","5 km",19,"eta","Low",50,0,873.142237798616,873.129387076771,0.00147180040379613
"Female","5 km",20,"eta","Low",50,0,865.456141719429,865.444657519163,0.00132697107395607
"Female","5 km",21,"eta","Low",50,0,859.754400795595,859.74830897827,0.000708558221140798
"Female","5 km",22,"eta","Low",50,0,856.195601135682,856.200845518818,-0.000612517864606588
"Female","5 km",23,"eta","Low",50,0,854.876079338782,854.900268508723,-0.00282947272703948
"Female","5 km",24,"eta","Low",50,0,855.613219044082,855.664448630342,-0.00598711169329524
"Female","5 km",25,"eta","Low",50,0,858.006045528362,858.090904309495,-0.00988925307411348
"Female","5 km",26,"eta","Low",50,0,861.64114593475,861.763761197834,-0.014228407900696
"Female","5 km",27,"eta","Low",50,0,866.156917834017,866.318604236569,-0.0186636188766798
"Female","5 km",28,"eta","Low",50,0,871.242374415884,871.441271370576,-0.0228239080734438
"Female","5 km",29,"eta","Low",50,0,876.664415914594,876.895012957663,-0.0262969956107972
"Female","5 km",30,"eta","Low",50,0,882.272636246434,882.525192338821,-0.0286174371654457
"Female","5 km",31,"eta","Low",50,0,887.95926368997,888.219137259871,-0.0292578215216444
"Female","5 km",32,"eta","Low",50,0,893.638074601362,893.884993691269,-0.027623138507693
"Female","5 km",33,"eta","Low",50,0,899.237215974169,899.444532355252,-0.0230493792141795
"Female","5 km",34,"eta","Low",50,0,904.7020233304,904.836011054511,-0.0148079566323789
"Female","5 km",35,"eta","Low",50,0,910.004932389919,910.029919320535,-0.00274572627614322
"Female","5 km",36,"eta","Low",50,0,915.141189636356,915.056148504352,0.00929354249388226
"Female","5 km",37,"eta","Low",50,0,920.139342333403,920.012629157182,0.0137729822618393
"Female","5 km",38,"eta","Low",50,0,925.061218263615,924.936187270866,0.0135177966295918
"Female","5 km",39,"eta","Low",50,0,929.960124133637,929.84125368309,0.012783951032147
"Female","5 km",40,"eta","Low",50,0,934.826507685494,934.722499622814,0.0111271594212869
"Female","5 km",41,"eta","Low",50,0,939.641389179292,939.575485926468,0.00701415200923261
"Female","5 km",42,"eta","Low",50,0,944.416473689475,944.405113427877,0.00120290132237244
"Female","5 km",43,"eta","Low",50,0,949.19787746947,949.233169397045,-0.00371794082977273
"Female","5 km",44,"eta","Low",50,0,954.070838228703,954.139596312466,-0.00720629182863197
"Female","5 km",45,"eta","Low",50,0,959.183031493064,959.280854883624,-0.0101975756174322
"Female","5 km",46,"eta","Low",50,0,964.732112252016,964.865870878497,-0.0138629244248345
"Female","5 km",47,"eta","Low",50,0,970.973539492049,971.161207686073,-0.0193241032012237
"Female","5 km",48,"eta","Low",50,0,978.206827120307,978.475992195008,-0.0275086028525107
"Female","5 km",49,"eta","Low",50,0,986.623682767861,987.00232806497,-0.0383631614984892
"Female","5 km",50,"eta","Low",50,0,996.114005821097,996.610257173015,-0.0497939237877554
"Female","5 km",51,"eta","Low",50,0,1006.4372657079,1007.02963082788,-0.0588230079680674
"Female","5 km",52,"eta","Low",50,0,1017.35340383855,1017.98825146925,-0.0623629624196487
"Female","5 km",53,"eta","Low",50,0,1028.65585244321,1029.24623322473,-0.0573604996027544
"Female","5 km",54,"eta","Low",50,0,1040.17877863752,1040.60794499294,-0.0412418872529074
"Female","5 km",55,"eta","Low",50,0,1051.82582416129,1051.96338017332,-0.0130761217187136
"Female","5 km",56,"eta","Low",50,0,1063.56785483952,1063.29166273045,0.0259751974698297
"Female","5 km",57,"eta","Low",50,0,1075.3524510801,1074.58454149639,0.0714610674232619
"Female","5 km",58,"eta","Low",50,0,1086.98404366161,1085.77779463092,0.111095385874793
"Female","5 km",59,"eta","Low",50,0,1098.26849982696,1096.81686964496,0.13234936680635
"Female","5 km",60,"eta","Low",50,0,1109.11301741371,1107.68038153206,0.129336576284533
"Female","5 km",61,"eta","Low",50,0,1119.53821480627,1118.37739125965,0.103795333819745
"Female","5 km",62,"eta","Low",50,0,1129.66931914971,1128.9423574219,0.0643931661371333
"Female","5 km",63,"eta","Low",50,0,1139.72627735866,1139.44627407189,0.0245736278345454
"Female","5 km",64,"eta","Low",50,0,1150.0367418009,1150.09859641279,-0.00537820079822282
"Female","5 km",65,"eta","Low",50,0,1161.08191101821,1161.35672635597,-0.0236633009932485
"Female","5 km",66,"eta","Low",50,0,1173.44660166262,1173.82242035587,-0.0320166565853652
"Female","5 km",67,"eta","Low",50,0,1187.80781782751,1188.19391971142,-0.0324948543758086
"Female","5 km",68,"eta","Low",50,0,1204.88428015372,1205.20886203698,-0.0269315878340448
"Female","5 km",69,"eta","Low",50,0,1225.03296355886,1225.23165696622,-0.0162168032651233
"Female","5 km",70,"eta","Low",50,0,1247.66412805061,1247.65567217714,0.000677740955334905
"Female","5 km",71,"eta","Low",50,0,1271.87627629116,1271.55159729203,0.0255340797661985
"Female","5 km",72,"eta","Low",50,0,1296.8928876187,1296.12257077635,0.0594324070665175
"Female","5 km",73,"eta","Low",50,0,1322.1112868586,1320.81348850012,0.0982575034082611
"Female","5 km",74,"eta","Low",50,0,1347.12348761267,1345.39883054395,0.128189279607094
"Female","5 km",75,"eta","Low",50,0,1371.67796831816,1369.80121546779,0.137009138930311
"Female","5 km",76,"eta","Low",50,0,1395.69158874259,1393.99882033975,0.121432556336409
"Female","5 km",77,"eta","Low",50,0,1419.22470878417,1418.00969630024,0.0856843565387067
"Female","5 km",78,"eta","Low",50,0,1442.44370209122,1441.84997212966,0.041178345391768
"Female","5 km",79,"eta","Low",50,0,1467.43715847406,1467.39196081767,0.00308013520526895
"Female","5 km",80,"eta","Low",50,0,1511.43620438865,1512.01006320874,-0.0379533730661241
"Female","5 km",13,"eta","Current",50,1000,962.494095755705,962.494095755705,0
"Female","5 km",14,"eta","Current",50,1000,935.11394721073,935.11394721073,0
"Female","5 km",15,"eta","Current",50,1000,919.950728820131,919.950728820131,0
"Female","5 km",16,"eta","Current",50,1000,906.490048470708,906.490048470708,0
"Female","5 km",17,"eta","Current",50,1000,893.923495685481,893.923495685481,0
"Female","5 km",18,"eta","Current",50,1000,882.681684486555,882.681684486555,0
"Female","5 km",19,"eta","Current",50,1000,873.129387076771,873.129387076771,0
"Female","5 km",20,"eta","Current",50,1000,865.444657519163,865.444657519163,0
"Female","5 km",21,"eta","Current",50,1000,859.74830897827,859.74830897827,0
"Female","5 km",22,"eta","Current",50,1000,856.200845518818,856.200845518818,0
"Female","5 km",23,"eta","Current",50,1000,854.900268508723,854.900268508723,0
"Female","5 km",24,"eta","Current",50,1000,855.664448630342,855.664448630342,0
"Female","5 km",25,"eta","Current",50,1000,858.090904309495,858.090904309495,0
"Female","5 km",26,"eta","Current",50,1000,861.763761197834,861.763761197834,0
"Female","5 km",27,"eta","Current",50,1000,866.318604236569,866.318604236569,0
"Female","5 km",28,"eta","Current",50,1000,871.441271370576,871.441271370576,0
"Female","5 km",29,"eta","Current",50,1000,876.895012957663,876.895012957663,0
"Female","5 km",30,"eta","Current",50,1000,882.525192338821,882.525192338821,0
"Female","5 km",31,"eta","Current",50,1000,888.219137259871,888.219137259871,0
"Female","5 km",32,"eta","Current",50,1000,893.884993691269,893.884993691269,0
"Female","5 km",33,"eta","Current",50,1000,899.444532355252,899.444532355252,0
"Female","5 km",34,"eta","Current",50,1000,904.836011054511,904.836011054511,0
"Female","5 km",35,"eta","Current",50,1000,910.029919320535,910.029919320535,0
"Female","5 km",36,"eta","Current",50,1000,915.056148504352,915.056148504352,0
"Female","5 km",37,"eta","Current",50,1000,920.012629157182,920.012629157182,0
"Female","5 km",38,"eta","Current",50,1000,924.936187270866,924.936187270866,0
"Female","5 km",39,"eta","Current",50,1000,929.84125368309,929.84125368309,0
"Female","5 km",40,"eta","Current",50,1000,934.722499622814,934.722499622814,0
"Female","5 km",41,"eta","Current",50,1000,939.575485926468,939.575485926468,0
"Female","5 km",42,"eta","Current",50,1000,944.405113427877,944.405113427877,0
"Female","5 km",43,"eta","Current",50,1000,949.233169397045,949.233169397045,0
"Female","5 km",44,"eta","Current",50,1000,954.139596312466,954.139596312466,0
"Female","5 km",45,"eta","Current",50,1000,959.280854883624,959.280854883624,0
"Female","5 km",46,"eta","Current",50,1000,964.865870878497,964.865870878497,0
"Female","5 km",47,"eta","Current",50,1000,971.161207686073,971.161207686073,0
"Female","5 km",48,"eta","Current",50,1000,978.475992195008,978.475992195008,0
"Female","5 km",49,"eta","Current",50,1000,987.00232806497,987.00232806497,0
"Female","5 km",50,"eta","Current",50,1000,996.610257173015,996.610257173015,0
"Female","5 km",51,"eta","Current",50,1000,1007.02963082788,1007.02963082788,0
"Female","5 km",52,"eta","Current",50,1000,1017.98825146925,1017.98825146925,0
"Female","5 km",53,"eta","Current",50,1000,1029.24623322473,1029.24623322473,0
"Female","5 km",54,"eta","Current",50,1000,1040.60794499294,1040.60794499294,0
"Female","5 km",55,"eta","Current",50,1000,1051.96338017332,1051.96338017332,0
"Female","5 km",56,"eta","Current",50,1000,1063.29166273045,1063.29166273045,0
"Female","5 km",57,"eta","Current",50,1000,1074.58454149639,1074.58454149639,0
"Female","5 km",58,"eta","Current",50,1000,1085.77779463092,1085.77779463092,0
"Female","5 km",59,"eta","Current",50,1000,1096.81686964496,1096.81686964496,0
"Female","5 km",60,"eta","Current",50,1000,1107.68038153206,1107.68038153206,0
"Female","5 km",61,"eta","Current",50,1000,1118.37739125965,1118.37739125965,0
"Female","5 km",62,"eta","Current",50,1000,1128.9423574219,1128.9423574219,0
"Female","5 km",63,"eta","Current",50,1000,1139.44627407189,1139.44627407189,0
"Female","5 km",64,"eta","Current",50,1000,1150.09859641279,1150.09859641279,0
"Female","5 km",65,"eta","Current",50,1000,1161.35672635597,1161.35672635597,0
"Female","5 km",66,"eta","Current",50,1000,1173.82242035587,1173.82242035587,0
"Female","5 km",67,"eta","Current",50,1000,1188.19391971142,1188.19391971142,0
"Female","5 km",68,"eta","Current",50,1000,1205.20886203698,1205.20886203698,0
"Female","5 km",69,"eta","Current",50,1000,1225.23165696622,1225.23165696622,0
"Female","5 km",70,"eta","Current",50,1000,1247.65567217714,1247.65567217714,0
"Female","5 km",71,"eta","Current",50,1000,1271.55159729203,1271.55159729203,0
"Female","5 km",72,"eta","Current",50,1000,1296.12257077635,1296.12257077635,0
"Female","5 km",73,"eta","Current",50,1000,1320.81348850012,1320.81348850012,0
"Female","5 km",74,"eta","Current",50,1000,1345.39883054395,1345.39883054395,0
"Female","5 km",75,"eta","Current",50,1000,1369.80121546779,1369.80121546779,0
"Female","5 km",76,"eta","Current",50,1000,1393.99882033975,1393.99882033975,0
"Female","5 km",77,"eta","Current",50,1000,1418.00969630024,1418.00969630024,0
"Female","5 km",78,"eta","Current",50,1000,1441.84997212966,1441.84997212966,0
"Female","5 km",79,"eta","Current",50,1000,1467.39196081767,1467.39196081767,0
"Female","5 km",80,"eta","Current",50,1000,1512.01006320874,1512.01006320874,0
"Female","5 km",13,"eta","High",50,1e+06,962.492556793192,962.494095755705,-0.000159893189988214
"Female","5 km",14,"eta","High",50,1e+06,935.108304250428,935.11394721073,-0.000603451624170415
"Female","5 km",15,"eta","High",50,1e+06,919.942784470555,919.950728820131,-0.00086356250688091
"Female","5 km",16,"eta","High",50,1e+06,906.480020473667,906.490048470708,-0.00110624458126152
"Female","5 km",17,"eta","High",50,1e+06,893.911470084992,893.923495685481,-0.00134526058971352
"Female","5 km",18,"eta","High",50,1e+06,882.667878787466,882.681684486555,-0.00156406316468294
"Female","5 km",19,"eta","High",50,1e+06,873.11462845854,873.129387076771,-0.00169031285054411
"Female","5 km",20,"eta","High",50,1e+06,865.431419434191,865.444657519163,-0.00152962813474433
"Female","5 km",21,"eta","High",50,1e+06,859.741195203415,859.74830897827,-0.0008274252802698
"Female","5 km",22,"eta","High",50,1e+06,856.206656708834,856.200845518818,0.000678718088997776
"Female","5 km",23,"eta","High",50,1e+06,854.927719906805,854.900268508723,0.00321106438880836
"Female","5 km",24,"eta","High",50,1e+06,855.72284398676,855.664448630342,0.00682456265554965
"Female","5 km",25,"eta","High",50,1e+06,858.187877477574,858.090904309495,0.0113010367074562
"Female","5 km",26,"eta","High",50,1e+06,861.904192400576,861.763761197834,0.0162957888304893
"Female","5 km",27,"eta","High",50,1e+06,866.50421940565,866.318604236569,0.0214257396958573
"Female","5 km",28,"eta","High",50,1e+06,871.670226627094,871.441271370576,0.026273171129243
"Female","5 km",29,"eta","High",50,1e+06,877.161349450661,876.895012957663,0.0303726773515978
"Female","5 km",30,"eta","High",50,1e+06,882.81816741074,882.525192338821,0.0331973607622604
"Female","5 km",31,"eta","High",50,1e+06,888.522450155575,888.219137259871,0.0341484306045636
"Female","5 km",32,"eta","High",50,1e+06,894.175938227782,893.884993691269,0.0325483186949693
"Female","5 km",33,"eta","High",50,1e+06,899.693125419749,899.444532355252,0.0276385097195186
"Female","5 km",34,"eta","High",50,1e+06,905.004164697426,904.836011054511,0.0185838804888983
"Female","5 km",35,"eta","High",50,1e+06,910.077421090396,910.029919320535,0.00521980309144965
"Female","5 km",36,"eta","High",50,1e+06,914.981753140668,915.056148504352,-0.00813014193778994
"Female","5 km",37,"eta","High",50,1e+06,919.885933890764,920.012629157182,-0.0137710355709086
"Female","5 km",38,"eta","High",50,1e+06,924.790063456494,924.936187270866,-0.015798258991595
"Female","5 km",39,"eta","High",50,1e+06,929.694137653558,929.84125368309,-0.0158216285789936
"Female","5 km",40,"eta","High",50,1e+06,934.59815616722,934.722499622814,-0.0133027134410768
"Female","5 km",41,"eta","High",50,1e+06,939.502116776781,939.575485926468,-0.00780875520755009
"Female","5 km",42,"eta","High",50,1e+06,944.406026517111,944.405113427877,9.66840628668919e-05
"Female","5 km",43,"eta","High",50,1e+06,949.309926359627,949.233169397045,0.00808620737839938
"Female","5 km",44,"eta","High",50,1e+06,954.282300437304,954.139596312466,0.0149563151335075
"Female","5 km",45,"eta","High",50,1e+06,959.485917221359,959.280854883624,0.0213766736499643
"Female","5 km",46,"eta","High",50,1e+06,965.141934462924,964.865870878497,0.0286116021676053
"Female","5 km",47,"eta","High",50,1e+06,971.529216319273,971.161207686073,0.0378936710288658
"Female","5 km",48,"eta","High",50,1e+06,978.966389415721,978.475992195008,0.0501184724637893
"Female","5 km",49,"eta","High",50,1e+06,987.638207176333,987.00232806497,0.0644252899189679
"Female","5 km",50,"eta","High",50,1e+06,997.370488313268,996.610257173015,0.0762816893345342
"Female","5 km",51,"eta","High",50,1e+06,1007.8312722936,1007.02963082788,0.079604555931434
"Female","5 km",52,"eta","High",50,1e+06,1018.68655669264,1017.98825146925,0.0685965896348284
"Female","5 km",53,"eta","High",50,1e+06,1029.66926470506,1029.24623322473,0.0411010957995561
"Female","5 km",54,"eta","High",50,1e+06,1040.65192222976,1040.60794499294,0.00422611003794149
"Female","5 km",55,"eta","High",50,1e+06,1051.63442641757,1051.96338017332,-0.0312704569335409
"Female","5 km",56,"eta","High",50,1e+06,1062.61674937455,1063.29166273045,-0.063473962935201
"Female","5 km",57,"eta","High",50,1e+06,1073.59886883633,1074.58454149639,-0.0917259296028261
"Female","5 km",58,"eta","High",50,1e+06,1084.58068908356,1085.77779463092,-0.110253272196692
"Female","5 km",59,"eta","High",50,1e+06,1095.56214975251,1096.81686964496,-0.114396480139622
"Female","5 km",60,"eta","High",50,1e+06,1106.54323555588,1107.68038153206,-0.102660117046072
"Female","5 km",61,"eta","High",50,1e+06,1117.52396745075,1118.37739125965,-0.076309107781869
"Female","5 km",62,"eta","High",50,1e+06,1128.50442200178,1128.9423574219,-0.0387916546179756
"Female","5 km",63,"eta","High",50,1e+06,1139.48465987126,1139.44627407189,0.00336881169773484
"Female","5 km",64,"eta","High",50,1e+06,1150.49368273427,1150.09859641279,0.0343523870654394
"Female","5 km",65,"eta","High",50,1e+06,1161.93336389715,1161.35672635597,0.0496520602232486
"Female","5 km",66,"eta","High",50,1e+06,1174.43726903386,1173.82242035587,0.0523800421022402
"Female","5 km",67,"eta","High",50,1e+06,1188.7466296114,1188.19391971142,0.0465168093196411
"Female","5 km",68,"eta","High",50,1e+06,1205.63863634297,1205.20886203698,0.0356597366257816
"Female","5 km",69,"eta","High",50,1e+06,1225.50189256915,1225.23165696622,0.0220558782822566
"Female","5 km",70,"eta","High",50,1e+06,1247.72170081168,1247.65567217714,0.00529221611491604
"Female","5 km",71,"eta","High",50,1e+06,1271.34614270023,1271.55159729203,-0.0161577864585594
"Female","5 km",72,"eta","High",50,1e+06,1295.56264654961,1296.12257077635,-0.0431999441538156
"Female","5 km",73,"eta","High",50,1e+06,1319.86275144213,1320.81348850012,-0.0719811741980325
"Female","5 km",74,"eta","High",50,1e+06,1344.16264386215,1345.39883054395,-0.0918825446954652
"Female","5 km",75,"eta","High",50,1e+06,1368.46224135219,1369.80121546779,-0.0977495201840317
"Female","5 km",76,"eta","High",50,1e+06,1392.76148583432,1393.99882033975,-0.0887615173968181
"Female","5 km",77,"eta","High",50,1e+06,1417.06045073859,1418.00969630024,-0.0669421065403353
"Female","5 km",78,"eta","High",50,1e+06,1441.35904880238,1441.84997212966,-0.0340481559641947
"Female","5 km",79,"eta","High",50,1e+06,1467.33921354098,1467.39196081767,-0.00359462761859719
"Female","5 km",80,"eta","High",50,1e+06,1512.46377684744,1512.01006320874,0.0300073160717451
"Female","10 km",13,"rho","Low",1,1000,2033.62682920019,2026.89127097546,0.332309794865737
"Female","10 km",14,"rho","Low",1,1000,1988.4856458488,1961.5248529155,1.37448133237901
"Female","10 km",15,"rho","Low",1,1000,1963.5466980191,1925.21100515652,1.99124629767304
"Female","10 km",16,"rho","Low",1,1000,1941.27200323859,1892.56626839191,2.57352863464413
"Female","10 km",17,"rho","Low",1,1000,1920.00620050425,1861.20901884987,3.15908536112259
"Female","10 km",18,"rho","Low",1,1000,1900.07426382864,1831.71534712933,3.73196178142166
"Female","10 km",19,"rho","Low",1,1000,1881.7783340068,1804.75712800583,4.26767706334372
"Female","10 km",20,"rho","Low",1,1000,1865.38990148093,1781.11330185405,4.73168099632737
"Female","10 km",21,"rho","Low",1,1000,1851.14819855321,1761.68545252342,5.07824741934695
"Female","10 km",22,"rho","Low",1,1000,1839.25587773492,1747.44864671261,5.25378706807882
"Female","10 km",23,"rho","Low",1,1000,1829.85154134533,1739.01487393999,5.22345546128309
"Female","10 km",24,"rho","Low",1,1000,1822.91871096951,1735.9168621176,5.0118672587681
"Female","10 km",25,"rho","Low",1,1000,1818.30250729905,1737.15833775262,4.6710865545746
"Female","10 km",26,"rho","Low",1,1000,1815.80893762328,1741.77512782126,4.25048036451328
"Female","10 km",27,"rho","Low",1,1000,1815.23443358869,1748.95128268955,3.78987977282064
"Female","10 km",28,"rho","Low",1,1000,1816.39289896369,1758.03769859918,3.31933725943492
"Female","10 km",29,"rho","Low",1,1000,1819.13976175804,1768.56079881024,2.85989393080672
"Female","10 km",30,"rho","Low",1,1000,1823.35730571493,1780.18602429288,2.42509944651437
"Female","10 km",31,"rho","Low",1,1000,1828.91838969909,1792.62381948256,2.02466182932914
"Female","10 km",32,"rho","Low",1,1000,1835.66220500026,1805.53030291937,1.66886714845924
"Female","10 km",33,"rho","Low",1,1000,1843.43900149602,1818.59840897877,1.36591962219952
"Female","10 km",34,"rho","Low",1,1000,1852.1335273522,1831.61110853214,1.12045721520577
"Female","10 km",35,"rho","Low",1,1000,1861.65718346429,1844.43640713698,0.933660616363752
"Female","10 km",36,"rho","Low",1,1000,1871.93363768245,1857.04778069752,0.80158718260579
"Female","10 km",37,"rho","Low",1,1000,1882.89337628591,1869.52641001704,0.714992106944545
"Female","10 km",38,"rho","Low",1,1000,1894.46695242027,1881.89197176472,0.668209485146742
"Female","10 km",39,"rho","Low",1,1000,1906.60220153668,1894.15210211201,0.657291429277862
"Female","10 km",40,"rho","Low",1,1000,1919.25878796881,1906.32809939696,0.678303413559567
"Female","10 km",41,"rho","Low",1,1000,1932.40739638894,1918.45496107823,0.727274582608439
"Female","10 km",42,"rho","Low",1,1000,1946.04551012398,1930.61742095027,0.799127212170125
"Female","10 km",43,"rho","Low",1,1000,1960.18424059229,1942.9493271653,0.887049043740751
"Female","10 km",44,"rho","Low",1,1000,1974.82465795109,1955.54704415891,0.985791359494881
"Female","10 km",45,"rho","Low",1,1000,1989.96858256668,1968.50984461214,1.09010061663004
"Female","10 km",46,"rho","Low",1,1000,2005.64111996709,1981.99493285931,1.19304982650303
"Female","10 km",47,"rho","Low",1,1000,2021.90772084882,1996.24328390863,1.28563673311124
"Female","10 km",48,"rho","Low",1,1000,2038.87277606764,2011.58254629385,1.35665473057884
"Female","10 km",49,"rho","Low",1,1000,2056.64241557802,2028.36797326534,1.39395034260816
"Female","10 km",50,"rho","Low",1,1000,2075.3025303626,2046.78295914073,1.39338521920522
"Female","10 km",51,"rho","Low",1,1000,2094.8909081733,2066.55509038297,1.37116198460918
"Female","10 km",52,"rho","Low",1,1000,2115.40362897505,2087.22125671299,1.35023405743016
"Female","10 km",53,"rho","Low",1,1000,2136.82670229731,2108.34312680295,1.35099335265942
"Female","10 km",54,"rho","Low",1,1000,2159.17005656708,2129.59135931571,1.38893770027622
"Female","10 km",55,"rho","Low",1,1000,2182.46099935948,2150.78100297693,1.47295314300711
"Female","10 km",56,"rho","Low",1,1000,2206.72962091692,2171.82868681471,1.60698375125521
"Female","10 km",57,"rho","Low",1,1000,2231.98907453194,2192.67915935474,1.79278007954289
"Female","10 km",58,"rho","Low",1,1000,2258.22698643024,2213.28618401435,2.03050119503174
"Female","10 km",59,"rho","Low",1,1000,2285.44344136837,2233.63440863819,2.31949474496878
"Female","10 km",60,"rho","Low",1,1000,2313.68877858688,2253.75511210075,2.65928033459988
"Female","10 km",61,"rho","Low",1,1000,2343.07857697313,2273.75236831418,3.04897796369763
"Female","10 km",62,"rho","Low",1,1000,2373.79960075935,2293.92412063803,3.4820454348377
"Female","10 km",63,"rho","Low",1,1000,2406.08915591392,2314.87200747354,3.94048345419917
"Female","10 km",64,"rho","Low",1,1000,2440.18698736798,2337.41554280377,4.39679820221155
"Female","10 km",65,"rho","Low",1,1000,2476.32784268948,2362.55174522539,4.81581398985316
"Female","10 km",66,"rho","Low",1,1000,2514.68333430958,2391.40148240943,5.15521349330006
"Female","10 km",67,"rho","Low",1,1000,2555.43247282616,2425.31307656799,5.36505565055967
"Female","10 km",68,"rho","Low",1,1000,2598.77437298091,2465.80286038759,5.39262544988759
"Female","10 km",69,"rho","Low",1,1000,2644.82705972122,2513.77782318602,5.21323862938294
"Female","10 km",70,"rho","Low",1,1000,2693.50669340381,2568.4340015313,4.86960894451418
"Female","10 km",71,"rho","Low",1,1000,2744.59468789211,2628.30626700066,4.42446233726601
"Female","10 km",72,"rho","Low",1,1000,2797.81241932261,2692.02203387182,3.92977412962097
"Female","10 km",73,"rho","Low",1,1000,2852.80409264217,2758.36569613035,3.42370834455732
"Female","10 km",74,"rho","Low",1,1000,2909.21899765778,2826.34022093328,2.93237084872708
"Female","10 km",75,"rho","Low",1,1000,2966.7654969635,2895.19860199937,2.47191660408737
"Female","10 km",76,"rho","Low",1,1000,3025.20116504029,2964.41996038818,2.05035742115804
"Female","10 km",77,"rho","Low",1,1000,3084.2795166067,3033.67879708891,1.66796562531093
"Female","10 km",78,"rho","Low",1,1000,3143.73063036286,3102.77671002779,1.3199119421873
"Female","10 km",79,"rho","Low",1,1000,3208.27493481954,3177.14666365743,0.979755562378437
"Female","10 km",80,"rho","Low",1,1000,3322.42950150676,3307.68299201549,0.445825961159918
"Female","10 km",13,"rho","Current",50,1000,2026.89127097546,2026.89127097546,0
"Female","10 km",14,"rho","Current",50,1000,1961.5248529155,1961.5248529155,0
"Female","10 km",15,"rho","Current",50,1000,1925.21100515652,1925.21100515652,0
"Female","10 km",16,"rho","Current",50,1000,1892.56626839191,1892.56626839191,0
"Female","10 km",17,"rho","Current",50,1000,1861.20901884987,1861.20901884987,0
"Female","10 km",18,"rho","Current",50,1000,1831.71534712933,1831.71534712933,0
"Female","10 km",19,"rho","Current",50,1000,1804.75712800583,1804.75712800583,0
"Female","10 km",20,"rho","Current",50,1000,1781.11330185405,1781.11330185405,0
"Female","10 km",21,"rho","Current",50,1000,1761.68545252342,1761.68545252342,0
"Female","10 km",22,"rho","Current",50,1000,1747.44864671261,1747.44864671261,0
"Female","10 km",23,"rho","Current",50,1000,1739.01487393999,1739.01487393999,0
"Female","10 km",24,"rho","Current",50,1000,1735.9168621176,1735.9168621176,0
"Female","10 km",25,"rho","Current",50,1000,1737.15833775262,1737.15833775262,0
"Female","10 km",26,"rho","Current",50,1000,1741.77512782126,1741.77512782126,0
"Female","10 km",27,"rho","Current",50,1000,1748.95128268955,1748.95128268955,0
"Female","10 km",28,"rho","Current",50,1000,1758.03769859918,1758.03769859918,0
"Female","10 km",29,"rho","Current",50,1000,1768.56079881024,1768.56079881024,0
"Female","10 km",30,"rho","Current",50,1000,1780.18602429288,1780.18602429288,0
"Female","10 km",31,"rho","Current",50,1000,1792.62381948256,1792.62381948256,0
"Female","10 km",32,"rho","Current",50,1000,1805.53030291937,1805.53030291937,0
"Female","10 km",33,"rho","Current",50,1000,1818.59840897877,1818.59840897877,0
"Female","10 km",34,"rho","Current",50,1000,1831.61110853214,1831.61110853214,0
"Female","10 km",35,"rho","Current",50,1000,1844.43640713698,1844.43640713698,0
"Female","10 km",36,"rho","Current",50,1000,1857.04778069752,1857.04778069752,0
"Female","10 km",37,"rho","Current",50,1000,1869.52641001704,1869.52641001704,0
"Female","10 km",38,"rho","Current",50,1000,1881.89197176472,1881.89197176472,0
"Female","10 km",39,"rho","Current",50,1000,1894.15210211201,1894.15210211201,0
"Female","10 km",40,"rho","Current",50,1000,1906.32809939696,1906.32809939696,0
"Female","10 km",41,"rho","Current",50,1000,1918.45496107823,1918.45496107823,0
"Female","10 km",42,"rho","Current",50,1000,1930.61742095027,1930.61742095027,0
"Female","10 km",43,"rho","Current",50,1000,1942.9493271653,1942.9493271653,0
"Female","10 km",44,"rho","Current",50,1000,1955.54704415891,1955.54704415891,0
"Female","10 km",45,"rho","Current",50,1000,1968.50984461214,1968.50984461214,0
"Female","10 km",46,"rho","Current",50,1000,1981.99493285931,1981.99493285931,0
"Female","10 km",47,"rho","Current",50,1000,1996.24328390863,1996.24328390863,0
"Female","10 km",48,"rho","Current",50,1000,2011.58254629385,2011.58254629385,0
"Female","10 km",49,"rho","Current",50,1000,2028.36797326534,2028.36797326534,0
"Female","10 km",50,"rho","Current",50,1000,2046.78295914073,2046.78295914073,0
"Female","10 km",51,"rho","Current",50,1000,2066.55509038297,2066.55509038297,0
"Female","10 km",52,"rho","Current",50,1000,2087.22125671299,2087.22125671299,0
"Female","10 km",53,"rho","Current",50,1000,2108.34312680295,2108.34312680295,0
"Female","10 km",54,"rho","Current",50,1000,2129.59135931571,2129.59135931571,0
"Female","10 km",55,"rho","Current",50,1000,2150.78100297693,2150.78100297693,0
"Female","10 km",56,"rho","Current",50,1000,2171.82868681471,2171.82868681471,0
"Female","10 km",57,"rho","Current",50,1000,2192.67915935474,2192.67915935474,0
"Female","10 km",58,"rho","Current",50,1000,2213.28618401435,2213.28618401435,0
"Female","10 km",59,"rho","Current",50,1000,2233.63440863819,2233.63440863819,0
"Female","10 km",60,"rho","Current",50,1000,2253.75511210075,2253.75511210075,0
"Female","10 km",61,"rho","Current",50,1000,2273.75236831418,2273.75236831418,0
"Female","10 km",62,"rho","Current",50,1000,2293.92412063803,2293.92412063803,0
"Female","10 km",63,"rho","Current",50,1000,2314.87200747354,2314.87200747354,0
"Female","10 km",64,"rho","Current",50,1000,2337.41554280377,2337.41554280377,0
"Female","10 km",65,"rho","Current",50,1000,2362.55174522539,2362.55174522539,0
"Female","10 km",66,"rho","Current",50,1000,2391.40148240943,2391.40148240943,0
"Female","10 km",67,"rho","Current",50,1000,2425.31307656799,2425.31307656799,0
"Female","10 km",68,"rho","Current",50,1000,2465.80286038759,2465.80286038759,0
"Female","10 km",69,"rho","Current",50,1000,2513.77782318602,2513.77782318602,0
"Female","10 km",70,"rho","Current",50,1000,2568.4340015313,2568.4340015313,0
"Female","10 km",71,"rho","Current",50,1000,2628.30626700066,2628.30626700066,0
"Female","10 km",72,"rho","Current",50,1000,2692.02203387182,2692.02203387182,0
"Female","10 km",73,"rho","Current",50,1000,2758.36569613035,2758.36569613035,0
"Female","10 km",74,"rho","Current",50,1000,2826.34022093328,2826.34022093328,0
"Female","10 km",75,"rho","Current",50,1000,2895.19860199937,2895.19860199937,0
"Female","10 km",76,"rho","Current",50,1000,2964.41996038818,2964.41996038818,0
"Female","10 km",77,"rho","Current",50,1000,3033.67879708891,3033.67879708891,0
"Female","10 km",78,"rho","Current",50,1000,3102.77671002779,3102.77671002779,0
"Female","10 km",79,"rho","Current",50,1000,3177.14666365743,3177.14666365743,0
"Female","10 km",80,"rho","Current",50,1000,3307.68299201549,3307.68299201549,0
"Female","10 km",13,"rho","High",1000,1000,2021.81069401672,2026.89127097546,-0.250658583985064
"Female","10 km",14,"rho","High",1000,1000,1952.22683964306,1961.5248529155,-0.474019651529067
"Female","10 km",15,"rho","High",1000,1000,1913.56290176014,1925.21100515652,-0.605029961141446
"Female","10 km",16,"rho","High",1000,1000,1878.8102474538,1892.56626839191,-0.726844875545352
"Female","10 km",17,"rho","High",1000,1000,1845.45824652303,1861.20901884987,-0.846265635257781
"Female","10 km",18,"rho","High",1000,1000,1814.16483437494,1831.71534712933,-0.958146296142648
"Female","10 km",19,"rho","High",1000,1000,1785.71547036827,1804.75712800583,-1.05508144791794
"Female","10 km",20,"rho","High",1000,1000,1761.03798435537,1781.11330185405,-1.12712186685574
"Female","10 km",21,"rho","High",1000,1000,1741.22107142887,1761.68545252342,-1.16163649221523
"Female","10 km",22,"rho","High",1000,1000,1727.44502950376,1747.44864671261,-1.14473276490747
"Female","10 km",23,"rho","High",1000,1000,1720.39692722716,1739.01487393999,-1.07060307486871
"Female","10 km",24,"rho","High",1000,1000,1719.37161005239,1735.9168621176,-0.953113160328667
"Female","10 km",25,"rho","High",1000,1000,1723.09548191515,1737.15833775262,-0.809532184363759
"Female","10 km",26,"rho","High",1000,1000,1730.38257715779,1741.77512782126,-0.654077009224607
"Female","10 km",27,"rho","High",1000,1000,1740.22903193587,1748.95128268955,-0.498713191157019
"Female","10 km",28,"rho","High",1000,1000,1751.82088083595,1758.03769859918,-0.353622551335464
"Female","10 km",29,"rho","High",1000,1000,1764.53744592867,1768.56079881024,-0.227493048826477
"Female","10 km",30,"rho","High",1000,1000,1777.9158776903,1780.18602429288,-0.127522998810181
"Female","10 km",31,"rho","High",1000,1000,1791.59493372801,1792.62381948256,-0.0573955195379949
"Female","10 km",32,"rho","High",1000,1000,1805.27235714707,1805.53030291937,-0.0142864271995058
"Female","10 km",33,"rho","High",1000,1000,1818.73327159845,1818.59840897877,0.00741574495017883
"Female","10 km",34,"rho","High",1000,1000,1831.85963491737,1831.61110853214,0.0135687310520494
"Female","10 km",35,"rho","High",1000,1000,1844.61892657689,1844.43640713698,0.00989567540559122
"Female","10 km",36,"rho","High",1000,1000,1857.08339717713,1857.04778069752,0.00191790862813512
"Female","10 km",37,"rho","High",1000,1000,1869.40495477894,1869.52641001704,-0.00649657782078039
"Female","10 km",38,"rho","High",1000,1000,1881.59913386013,1881.89197176472,-0.0155608243715077
"Female","10 km",39,"rho","High",1000,1000,1893.64987004249,1894.15210211201,-0.026514875387218
"Female","10 km",40,"rho","High",1000,1000,1905.55744916974,1906.32809939696,-0.0404258966472781
"Female","10 km",41,"rho","High",1000,1000,1917.33308839748,1918.45496107823,-0.0584779264307778
"Female","10 km",42,"rho","High",1000,1000,1929.00854293213,1930.61742095027,-0.0833348959083824
"Female","10 km",43,"rho","High",1000,1000,1940.63113879576,1942.9493271653,-0.119312857887133
"Female","10 km",44,"rho","High",1000,1000,1952.27438831041,1955.54704415891,-0.167352447913882
"Female","10 km",45,"rho","High",1000,1000,1964.09872221223,1968.50984461214,-0.224084345424158
"Female","10 km",46,"rho","High",1000,1000,1976.35668162211,1981.99493285931,-0.284473544494401
"Female","10 km",47,"rho","High",1000,1000,1989.3965349991,1996.24328390863,-0.342981687889543
"Female","10 km",48,"rho","High",1000,1000,2003.66462062678,2011.58254629385,-0.393616741289371
"Female","10 km",49,"rho","High",1000,1000,2019.63858659066,2028.36797326534,-0.430365041734471
"Female","10 km",50,"rho","High",1000,1000,2037.55961640487,2046.78295914073,-0.450626320424841
"Female","10 km",51,"rho","High",1000,1000,2057.04951784077,2066.55509038297,-0.459971891697142
"Female","10 km",52,"rho","High",1000,1000,2077.47903026994,2087.22125671299,-0.466755808073216
"Female","10 km",53,"rho","High",1000,1000,2098.26998215313,2108.34312680295,-0.477775392523128
"Female","10 km",54,"rho","High",1000,1000,2119.03317745939,2129.59135931571,-0.495784405310551
"Female","10 km",55,"rho","High",1000,1000,2139.59897167545,2150.78100297693,-0.519905619679739
"Female","10 km",56,"rho","High",1000,1000,2159.86776476522,2171.82868681471,-0.550730456877124
"Female","10 km",57,"rho","High",1000,1000,2179.75817210787,2192.67915935474,-0.589278517641267
"Female","10 km",58,"rho","High",1000,1000,2199.20714659579,2213.28618401435,-0.636114638958396
"Female","10 km",59,"rho","High",1000,1000,2218.19152317861,2233.63440863819,-0.691379278536441
"Female","10 km",60,"rho","High",1000,1000,2236.74629262712,2253.75511210075,-0.754688004135928
"Female","10 km",61,"rho","High",1000,1000,2254.96786120596,2273.75236831418,-0.826145686310931
"Female","10 km",62,"rho","High",1000,1000,2273.07857038325,2293.92412063803,-0.908728848842111
"Female","10 km",63,"rho","High",1000,1000,2291.63312555986,2314.87200747354,-1.0038948952102
"Female","10 km",64,"rho","High",1000,1000,2311.54844758171,2337.41554280377,-1.10665368430929
"Female","10 km",65,"rho","High",1000,1000,2334.0244761234,2362.55174522539,-1.20747700699668
"Female","10 km",66,"rho","High",1000,1000,2360.46419468383,2391.40148240943,-1.29368857354851
"Female","10 km",67,"rho","High",1000,1000,2392.56475263962,2425.31307656799,-1.35027202239456
"Female","10 km",68,"rho","High",1000,1000,2432.22814494563,2465.80286038759,-1.36161393845915
"Female","10 km",69,"rho","High",1000,1000,2480.60057472586,2513.77782318602,-1.31981626037715
"Female","10 km",70,"rho","High",1000,1000,2536.70729251329,2568.4340015313,-1.23525498412994
"Female","10 km",71,"rho","High",1000,1000,2598.76675715247,2628.30626700066,-1.12389907595883
"Female","10 km",72,"rho","High",1000,1000,2665.12716532716,2692.02203387182,-0.999058262015184
"Female","10 km",73,"rho","High",1000,1000,2734.35315737439,2758.36569613035,-0.870534997939099
"Female","10 km",74,"rho","High",1000,1000,2805.28220760222,2826.34022093328,-0.745062932448703
"Female","10 km",75,"rho","High",1000,1000,2877.05278843936,2895.19860199937,-0.626755399352308
"Female","10 km",76,"rho","High",1000,1000,2949.09073979063,2964.41996038818,-0.517106914755328
"Female","10 km",77,"rho","High",1000,1000,3021.08543261575,3033.67879708891,-0.415118584249963
"Female","10 km",78,"rho","High",1000,1000,3092.8478156826,3102.77671002779,-0.320000285973043
"Female","10 km",79,"rho","High",1000,1000,3169.97652101967,3177.14666365743,-0.225678679545338
"Female","10 km",80,"rho","High",1000,1000,3305.16156194574,3307.68299201549,-0.0762294958687071
"Female","10 km",13,"eta","Low",50,0,2026.92800843462,2026.89127097546,0.00181250270681055
"Female","10 km",14,"eta","Low",50,0,1961.56022518935,1961.5248529155,0.00180330490322511
"Female","10 km",15,"eta","Low",50,0,1925.24538863455,1925.21100515652,0.00178595893836064
"Female","10 km",16,"eta","Low",50,0,1892.59940070871,1892.56626839191,0.00175065557046494
"Female","10 km",17,"eta","Low",50,0,1861.24036161991,1861.20901884987,0.00168400054583184
"Female","10 km",18,"eta","Low",50,0,1831.74408064521,1831.71534712933,0.00156866709228876
"Female","10 km",19,"eta","Low",50,0,1804.78208836984,1804.75712800583,0.00138303174532783
"Female","10 km",20,"eta","Low",50,0,1781.13292362163,1781.11330185405,0.00110165746134427
"Female","10 km",21,"eta","Low",50,0,1761.69771925237,1761.68545252342,0.000696306422298676
"Female","10 km",22,"eta","Low",50,0,1747.45104601085,1747.44864671261,0.000137302932712302
"Female","10 km",23,"eta","Low",50,0,1739.00435045757,1739.01487393999,-0.000605140449172481
"Female","10 km",24,"eta","Low",50,0,1735.88992767512,1735.9168621176,-0.00155159749098965
"Female","10 km",25,"eta","Low",50,0,1737.11156382661,1737.15833775262,-0.00269255398270829
"Female","10 km",26,"eta","Low",50,0,1741.70542761794,1741.77512782126,-0.00400167634785342
"Female","10 km",27,"eta","Low",50,0,1748.85603685627,1748.95128268955,-0.00544588258259981
"Female","10 km",28,"eta","Low",50,0,1757.91489802784,1758.03769859918,-0.00698509317699214
"Female","10 km",29,"eta","Low",50,0,1768.40923872009,1768.56079881024,-0.00856968503718525
"Female","10 km",30,"eta","Low",50,0,1780.00604921006,1780.18602429288,-0.0101099031427077
"Female","10 km",31,"eta","Low",50,0,1792.42159514972,1792.62381948256,-0.0112809129638514
"Female","10 km",32,"eta","Low",50,0,1805.32709860559,1805.53030291937,-0.0112545501698591
"Female","10 km",33,"eta","Low",50,0,1818.43495779351,1818.59840897877,-0.0089877558701934
"Female","10 km",34,"eta","Low",50,0,1831.54848681303,1831.61110853214,-0.00341894187126934
"Female","10 km",35,"eta","Low",50,0,1844.54886275018,1844.43640713698,0.00609701764524573
"Female","10 km",36,"eta","Low",50,0,1857.37079730089,1857.04778069752,0.0173940922109095
"Female","10 km",37,"eta","Low",50,0,1869.98289705167,1869.52641001704,0.0244172552029909
"Female","10 km",38,"eta","Low",50,0,1882.36552307831,1881.89197176472,0.0251635758425461
"Female","10 km",39,"eta","Low",50,0,1894.53484168568,1894.15210211201,0.020206380112997
"Female","10 km",40,"eta","Low",50,0,1906.54283648905,1906.32809939696,0.0112644351286662
"Female","10 km",41,"eta","Low",50,0,1918.47738990367,1918.45496107823,0.00116910878231735
"Female","10 km",42,"eta","Low",50,0,1930.47523177407,1930.61742095027,-0.00736495872520893
"Female","10 km",43,"eta","Low",50,0,1942.68269017051,1942.9493271653,-0.013723311826408
"Female","10 km",44,"eta","Low",50,0,1955.19461941163,1955.54704415891,-0.0180217984699804
"Female","10 km",45,"eta","Low",50,0,1968.1096666333,1968.50984461214,-0.020328980316453
"Female","10 km",46,"eta","Low",50,0,1981.58548970763,1981.99493285931,-0.0206581331211431
"Female","10 km",47,"eta","Low",50,0,1995.86430097119,1996.24328390863,-0.0189848071368681
"Female","10 km",48,"eta","Low",50,0,2011.27578799005,2011.58254629385,-0.0152496005875524
"Female","10 km",49,"eta","Low",50,0,2028.17850357271,2028.36797326534,-0.00934099212384076
"Female","10 km",50,"eta","Low",50,0,2046.76390658006,2046.78295914073,-0.000930853981506718
"Female","10 km",51,"eta","Low",50,0,2066.77738856115,2066.55509038297,0.0107569442122202
"Female","10 km",52,"eta","Low",50,0,2087.77780969363,2087.22125671299,0.0266647811704823
"Female","10 km",53,"eta","Low",50,0,2109.34552531862,2108.34312680295,0.0475443727791625
"Female","10 km",54,"eta","Low",50,0,2131.14094124436,2129.59135931571,0.0727642851227062
"Female","10 km",55,"eta","Low",50,0,2152.8979170668,2150.78100297693,0.0984253667362767
"Female","10 km",56,"eta","Low",50,0,2174.41047635712,2171.82868681471,0.118876298028958
"Female","10 km",57,"eta","Low",50,0,2195.51635021482,2192.67915935474,0.129393798813338
"Female","10 km",58,"eta","Low",50,0,2216.0940822972,2213.28618401435,0.126865576766599
"Female","10 km",59,"eta","Low",50,0,2236.10949266098,2233.63440863819,0.110809719496552
"Female","10 km",60,"eta","Low",50,0,2255.66495006416,2253.75511210075,0.0847402609607917
"Female","10 km",61,"eta","Low",50,0,2275.02889317552,2273.75236831418,0.0561417715988721
"Female","10 km",62,"eta","Low",50,0,2294.65925693248,2293.92412063803,0.0320471059975569
"Female","10 km",63,"eta","Low",50,0,2315.20293310644,2314.87200747354,0.0142956341359302
"Female","10 km",64,"eta","Low",50,0,2337.46854250217,2337.41554280377,0.0022674487028862
"Female","10 km",65,"eta","Low",50,0,2362.43334929466,2362.55174522539,-0.00501135820519805
"Female","10 km",66,"eta","Low",50,0,2391.19566016726,2391.40148240943,-0.0086067623393804
"Female","10 km",67,"eta","Low",50,0,2425.08025151534,2425.31307656799,-0.00959979372954223
"Female","10 km",68,"eta","Low",50,0,2465.58075168574,2465.80286038759,-0.00900756120518764
"Female","10 km",69,"eta","Low",50,0,2513.586785142,2513.77782318602,-0.00759963916687756
"Female","10 km",70,"eta","Low",50,0,2568.28847037505,2568.4340015313,-0.00566614350054895
"Female","10 km",71,"eta","Low",50,0,2628.22003151965,2628.30626700066,-0.00328102862671154
"Female","10 km",72,"eta","Low",50,0,2692.0091323157,2692.02203387182,-0.000479251505347555
"Female","10 km",73,"eta","Low",50,0,2758.44058123774,2758.36569613035,0.00271483608933476
"Female","10 km",74,"eta","Low",50,0,2826.5177762895,2826.34022093328,0.00628216500260237
"Female","10 km",75,"eta","Low",50,0,2895.49398046932,2895.19860199937,0.0102023560576425
"Female","10 km",76,"eta","Low",50,0,2964.83916946818,2964.41996038818,0.0141413526290046
"Female","10 km",77,"eta","Low",50,0,3034.16382627098,3033.67879708891,0.0159881521579974
"Female","10 km",78,"eta","Low",50,0,3103.17758622152,3102.77671002779,0.0129199175833872
"Female","10 km",79,"eta","Low",50,0,3177.38920800739,3177.14666365743,0.00763403064543144
"Female","10 km",80,"eta","Low",50,0,3307.64592618617,3307.68299201549,-0.00112059799571851
"Female","10 km",13,"eta","Current",50,1000,2026.89127097546,2026.89127097546,0
"Female","10 km",14,"eta","Current",50,1000,1961.5248529155,1961.5248529155,0
"Female","10 km",15,"eta","Current",50,1000,1925.21100515652,1925.21100515652,0
"Female","10 km",16,"eta","Current",50,1000,1892.56626839191,1892.56626839191,0
"Female","10 km",17,"eta","Current",50,1000,1861.20901884987,1861.20901884987,0
"Female","10 km",18,"eta","Current",50,1000,1831.71534712933,1831.71534712933,0
"Female","10 km",19,"eta","Current",50,1000,1804.75712800583,1804.75712800583,0
"Female","10 km",20,"eta","Current",50,1000,1781.11330185405,1781.11330185405,0
"Female","10 km",21,"eta","Current",50,1000,1761.68545252342,1761.68545252342,0
"Female","10 km",22,"eta","Current",50,1000,1747.44864671261,1747.44864671261,0
"Female","10 km",23,"eta","Current",50,1000,1739.01487393999,1739.01487393999,0
"Female","10 km",24,"eta","Current",50,1000,1735.9168621176,1735.9168621176,0
"Female","10 km",25,"eta","Current",50,1000,1737.15833775262,1737.15833775262,0
"Female","10 km",26,"eta","Current",50,1000,1741.77512782126,1741.77512782126,0
"Female","10 km",27,"eta","Current",50,1000,1748.95128268955,1748.95128268955,0
"Female","10 km",28,"eta","Current",50,1000,1758.03769859918,1758.03769859918,0
"Female","10 km",29,"eta","Current",50,1000,1768.56079881024,1768.56079881024,0
"Female","10 km",30,"eta","Current",50,1000,1780.18602429288,1780.18602429288,0
"Female","10 km",31,"eta","Current",50,1000,1792.62381948256,1792.62381948256,0
"Female","10 km",32,"eta","Current",50,1000,1805.53030291937,1805.53030291937,0
"Female","10 km",33,"eta","Current",50,1000,1818.59840897877,1818.59840897877,0
"Female","10 km",34,"eta","Current",50,1000,1831.61110853214,1831.61110853214,0
"Female","10 km",35,"eta","Current",50,1000,1844.43640713698,1844.43640713698,0
"Female","10 km",36,"eta","Current",50,1000,1857.04778069752,1857.04778069752,0
"Female","10 km",37,"eta","Current",50,1000,1869.52641001704,1869.52641001704,0
"Female","10 km",38,"eta","Current",50,1000,1881.89197176472,1881.89197176472,0
"Female","10 km",39,"eta","Current",50,1000,1894.15210211201,1894.15210211201,0
"Female","10 km",40,"eta","Current",50,1000,1906.32809939696,1906.32809939696,0
"Female","10 km",41,"eta","Current",50,1000,1918.45496107823,1918.45496107823,0
"Female","10 km",42,"eta","Current",50,1000,1930.61742095027,1930.61742095027,0
"Female","10 km",43,"eta","Current",50,1000,1942.9493271653,1942.9493271653,0
"Female","10 km",44,"eta","Current",50,1000,1955.54704415891,1955.54704415891,0
"Female","10 km",45,"eta","Current",50,1000,1968.50984461214,1968.50984461214,0
"Female","10 km",46,"eta","Current",50,1000,1981.99493285931,1981.99493285931,0
"Female","10 km",47,"eta","Current",50,1000,1996.24328390863,1996.24328390863,0
"Female","10 km",48,"eta","Current",50,1000,2011.58254629385,2011.58254629385,0
"Female","10 km",49,"eta","Current",50,1000,2028.36797326534,2028.36797326534,0
"Female","10 km",50,"eta","Current",50,1000,2046.78295914073,2046.78295914073,0
"Female","10 km",51,"eta","Current",50,1000,2066.55509038297,2066.55509038297,0
"Female","10 km",52,"eta","Current",50,1000,2087.22125671299,2087.22125671299,0
"Female","10 km",53,"eta","Current",50,1000,2108.34312680295,2108.34312680295,0
"Female","10 km",54,"eta","Current",50,1000,2129.59135931571,2129.59135931571,0
"Female","10 km",55,"eta","Current",50,1000,2150.78100297693,2150.78100297693,0
"Female","10 km",56,"eta","Current",50,1000,2171.82868681471,2171.82868681471,0
"Female","10 km",57,"eta","Current",50,1000,2192.67915935474,2192.67915935474,0
"Female","10 km",58,"eta","Current",50,1000,2213.28618401435,2213.28618401435,0
"Female","10 km",59,"eta","Current",50,1000,2233.63440863819,2233.63440863819,0
"Female","10 km",60,"eta","Current",50,1000,2253.75511210075,2253.75511210075,0
"Female","10 km",61,"eta","Current",50,1000,2273.75236831418,2273.75236831418,0
"Female","10 km",62,"eta","Current",50,1000,2293.92412063803,2293.92412063803,0
"Female","10 km",63,"eta","Current",50,1000,2314.87200747354,2314.87200747354,0
"Female","10 km",64,"eta","Current",50,1000,2337.41554280377,2337.41554280377,0
"Female","10 km",65,"eta","Current",50,1000,2362.55174522539,2362.55174522539,0
"Female","10 km",66,"eta","Current",50,1000,2391.40148240943,2391.40148240943,0
"Female","10 km",67,"eta","Current",50,1000,2425.31307656799,2425.31307656799,0
"Female","10 km",68,"eta","Current",50,1000,2465.80286038759,2465.80286038759,0
"Female","10 km",69,"eta","Current",50,1000,2513.77782318602,2513.77782318602,0
"Female","10 km",70,"eta","Current",50,1000,2568.4340015313,2568.4340015313,0
"Female","10 km",71,"eta","Current",50,1000,2628.30626700066,2628.30626700066,0
"Female","10 km",72,"eta","Current",50,1000,2692.02203387182,2692.02203387182,0
"Female","10 km",73,"eta","Current",50,1000,2758.36569613035,2758.36569613035,0
"Female","10 km",74,"eta","Current",50,1000,2826.34022093328,2826.34022093328,0
"Female","10 km",75,"eta","Current",50,1000,2895.19860199937,2895.19860199937,0
"Female","10 km",76,"eta","Current",50,1000,2964.41996038818,2964.41996038818,0
"Female","10 km",77,"eta","Current",50,1000,3033.67879708891,3033.67879708891,0
"Female","10 km",78,"eta","Current",50,1000,3102.77671002779,3102.77671002779,0
"Female","10 km",79,"eta","Current",50,1000,3177.14666365743,3177.14666365743,0
"Female","10 km",80,"eta","Current",50,1000,3307.68299201549,3307.68299201549,0
"Female","10 km",13,"eta","High",50,1e+06,2026.84041556656,2026.89127097546,-0.0025090348766188
"Female","10 km",14,"eta","High",50,1e+06,1961.47870800027,1961.5248529155,-0.00235250219563499
"Female","10 km",15,"eta","High",50,1e+06,1925.1678209869,1925.21100515652,-0.00224308761533898
"Female","10 km",16,"eta","High",50,1e+06,1892.52627635741,1892.56626839191,-0.00211311144888704
"Female","10 km",17,"eta","High",50,1e+06,1861.17293945306,1861.20901884987,-0.00193849247707156
"Female","10 km",18,"eta","High",50,1e+06,1831.68426281658,1831.71534712933,-0.00169700564047748
"Female","10 km",19,"eta","High",50,1e+06,1804.73255544301,1804.75712800583,-0.00136154402389232
"Female","10 km",20,"eta","High",50,1e+06,1781.09725380193,1781.11330185405,-0.00090101242292695
"Female","10 km",21,"eta","High",50,1e+06,1761.68048620207,1761.68545252342,-0.000281907382826407
"Female","10 km",22,"eta","High",50,1e+06,1747.45786914918,1747.44864671261,0.000527765813562731
"Female","10 km",23,"eta","High",50,1e+06,1739.04167291155,1739.01487393999,0.00154104326339777
"Female","10 km",24,"eta","High",50,1e+06,1735.96383752841,1735.9168621176,0.00270608643975212
"Female","10 km",25,"eta","High",50,1e+06,1737.22571388844,1737.15833775262,0.00387852588683568
"Female","10 km",26,"eta","High",50,1e+06,1741.8600422717,1741.77512782126,0.00487516724108072
"Female","10 km",27,"eta","High",50,1e+06,1749.04757813567,1748.95128268955,0.00550589642358545
"Female","10 km",28,"eta","High",50,1e+06,1758.13575514421,1758.03769859918,0.00557761333059847
"Female","10 km",29,"eta","High",50,1e+06,1768.64734561661,1768.56079881024,0.00489362912670099
"Female","10 km",30,"eta","High",50,1e+06,1780.24379101854,1780.18602429288,0.00324498253949645
"Female","10 km",31,"eta","High",50,1e+06,1792.63010000667,1792.62381948256,0.00035035371288572
"Female","10 km",32,"eta","High",50,1e+06,1805.45398997318,1805.53030291937,-0.004226622287129
"Female","10 km",33,"eta","High",50,1e+06,1818.39872962113,1818.59840897877,-0.0109798489130619
"Female","10 km",34,"eta","High",50,1e+06,1831.23764696817,1831.61110853214,-0.0203897848308876
"Female","10 km",35,"eta","High",50,1e+06,1843.83921156147,1844.43640713698,-0.0323782144615148
"Female","10 km",36,"eta","High",50,1e+06,1856.23957776173,1857.04778069752,-0.043520847669154
"Female","10 km",37,"eta","High",50,1e+06,1868.63963919865,1869.52641001704,-0.047432912080736
"Female","10 km",38,"eta","High",50,1e+06,1881.03952919988,1881.89197176472,-0.0452971040649452
"Female","10 km",39,"eta","High",50,1e+06,1893.43920540405,1894.15210211201,-0.037636719203793
"Female","10 km",40,"eta","High",50,1e+06,1905.83872956989,1906.32809939696,-0.025670808042999
"Female","10 km",41,"eta","High",50,1e+06,1918.23812403374,1918.45496107823,-0.0113026914307146
"Female","10 km",42,"eta","High",50,1e+06,1930.64872645902,1930.61742095027,0.00162152834697338
"Female","10 km",43,"eta","High",50,1e+06,1943.17333141841,1942.9493271653,0.0115290836450566
"Female","10 km",44,"eta","High",50,1e+06,1955.90665932981,1955.54704415891,0.0183894921871319
"Female","10 km",45,"eta","High",50,1e+06,1968.94976277619,1968.50984461214,0.0223477756668533
"Female","10 km",46,"eta","High",50,1e+06,1982.46084940506,1981.99493285931,0.0235074539304048
"Female","10 km",47,"eta","High",50,1e+06,1996.681044002,1996.24328390863,0.021929195549486
"Female","10 km",48,"eta","High",50,1e+06,2011.93723863428,2011.58254629385,0.017632502383802
"Female","10 km",49,"eta","High",50,1e+06,2028.58249050783,2028.36797326534,0.0105758543479606
"Female","10 km",50,"eta","High",50,1e+06,2046.79259215778,2046.78295914073,0.000470641843697273
"Female","10 km",51,"eta","High",50,1e+06,2066.27650311332,2066.55509038297,-0.0134807569823647
"Female","10 km",52,"eta","High",50,1e+06,2086.54779633383,2087.22125671299,-0.0322658835036127
"Female","10 km",53,"eta","High",50,1e+06,2107.15299687296,2108.34312680295,-0.0564485882235677
"Female","10 km",54,"eta","High",50,1e+06,2127.80685145469,2129.59135931571,-0.0837957880142737
"Female","10 km",55,"eta","High",50,1e+06,2148.46050283544,2150.78100297693,-0.107891046939435
"Female","10 km",56,"eta","High",50,1e+06,2169.11385183451,2171.82868681471,-0.125002261765594
"Female","10 km",57,"eta","High",50,1e+06,2189.76680687331,2192.67915935474,-0.132821642829517
"Female","10 km",58,"eta","High",50,1e+06,2210.41929129204,2213.28618401435,-0.129531044969089
"Female","10 km",59,"eta","High",50,1e+06,2231.07127757167,2233.63440863819,-0.114751593036533
"Female","10 km",60,"eta","High",50,1e+06,2251.72282333213,2253.75511210075,-0.0901734513082397
"Female","10 km",61,"eta","High",50,1e+06,2272.37404612186,2273.75236831418,-0.0606188348178938
"Female","10 km",62,"eta","High",50,1e+06,2293.12806852497,2293.92412063803,-0.0347026349257429
"Female","10 km",63,"eta","High",50,1e+06,2314.51347518529,2314.87200747354,-0.0154882121815469
"Female","10 km",64,"eta","High",50,1e+06,2337.35785425022,2337.41554280377,-0.00246804868415662
"Female","10 km",65,"eta","High",50,1e+06,2362.67960197304,2362.55174522539,0.00541180729289881
"Female","10 km",66,"eta","High",50,1e+06,2391.62401809989,2391.40148240943,0.00930565996941635
"Female","10 km",67,"eta","High",50,1e+06,2425.5649305668,2425.31307656799,0.0103843912459212
"Female","10 km",68,"eta","High",50,1e+06,2466.04326833256,2465.80286038759,0.009749682297433
"Female","10 km",69,"eta","High",50,1e+06,2513.98483785651,2513.77782318602,0.0082352015589926
"Female","10 km",70,"eta","High",50,1e+06,2568.5921029295,2568.4340015313,0.00615555619136732
"Female","10 km",71,"eta","High",50,1e+06,2628.40065692519,2628.30626700066,0.00359128331834935
"Female","10 km",72,"eta","High",50,1e+06,2692.03766385891,2692.02203387182,0.000580603980626648
"Female","10 km",73,"eta","High",50,1e+06,2758.28708660822,2758.36569613035,-0.00284985860437015
"Female","10 km",74,"eta","High",50,1e+06,2826.15144003607,2826.34022093328,-0.00667934085978317
"Female","10 km",75,"eta","High",50,1e+06,2894.88343537752,2895.19860199937,-0.010885837732566
"Female","10 km",76,"eta","High",50,1e+06,2963.97198885331,2964.41996038818,-0.0151116083704772
"Female","10 km",77,"eta","High",50,1e+06,3033.16014696448,3033.67879708891,-0.017096408654993
"Female","10 km",78,"eta","High",50,1e+06,3102.34797184951,3102.77671002779,-0.0138178869559247
"Female","10 km",79,"eta","High",50,1e+06,3176.88725785285,3177.14666365743,-0.00816474126134059
"Female","10 km",80,"eta","High",50,1e+06,3307.72263973894,3307.68299201549,0.00119865548038334
"Female","Half Marathon",13,"rho","Low",1,1000,4568.89122723615,4583.25879458124,-0.313479294733954
"Female","Half Marathon",14,"rho","Low",1,1000,4424.65939517314,4397.34394471605,0.621180667250409
"Female","Half Marathon",15,"rho","Low",1,1000,4343.76393015088,4292.36609132787,1.19742439785961
"Female","Half Marathon",16,"rho","Low",1,1000,4270.4773906684,4196.50333993272,1.76275448256564
"Female","Half Marathon",17,"rho","Low",1,1000,4199.71906536578,4103.39421781031,2.34744317612419
"Female","Half Marathon",18,"rho","Low",1,1000,4133.09941824839,4015.86039038787,2.91939999062549
"Female","Half Marathon",19,"rho","Low",1,1000,4072.36882352144,3937.73569689894,3.41904934677386
"Female","Half Marathon",20,"rho","Low",1,1000,4019.13627943042,3873.52699555645,3.75908788143209
"Female","Half Marathon",21,"rho","Low",1,1000,3974.64365916286,3826.64475038182,3.86758945330057
"Female","Half Marathon",22,"rho","Low",1,1000,3939.42455391604,3796.73636997012,3.75817992195846
"Female","Half Marathon",23,"rho","Low",1,1000,3913.58091620287,3782.27877893049,3.47150871066975
"Female","Half Marathon",24,"rho","Low",1,1000,3896.4813885606,3781.03525104415,3.05329439826203
"Female","Half Marathon",25,"rho","Low",1,1000,3886.80654082117,3788.97054117353,2.58212616288471
"Female","Half Marathon",26,"rho","Low",1,1000,3883.38168758716,3802.2208771329,2.13456327438466
"Female","Half Marathon",27,"rho","Low",1,1000,3885.36152858878,3818.01775864932,1.76384119185653
"Female","Half Marathon",28,"rho","Low",1,1000,3891.90364617555,3834.34285704653,1.50119045883521
"Female","Half Marathon",29,"rho","Low",1,1000,3902.16745235136,3849.80478500457,1.36013824780801
"Female","Half Marathon",30,"rho","Low",1,1000,3915.31028832967,3863.54783521445,1.3397647789793
"Female","Half Marathon",31,"rho","Low",1,1000,3930.72015292195,3875.43744190418,1.42648957302254
"Female","Half Marathon",32,"rho","Low",1,1000,3948.26602229802,3886.30358991199,1.59437961941205
"Female","Half Marathon",33,"rho","Low",1,1000,3967.98383028497,3897.65591645034,1.80436434980842
"Female","Half Marathon",34,"rho","Low",1,1000,3989.70407799698,3911.36764017835,2.00278892257373
"Female","Half Marathon",35,"rho","Low",1,1000,4013.20204382908,3929.68897905486,2.12518255819591
"Female","Half Marathon",36,"rho","Low",1,1000,4038.29505146586,3953.96270442764,2.13285641120944
"Female","Half Marathon",37,"rho","Low",1,1000,4064.60136892468,3982.35825328202,2.06518626431675
"Female","Half Marathon",38,"rho","Low",1,1000,4091.96420737007,4012.40553155141,1.98281741945205
"Female","Half Marathon",39,"rho","Low",1,1000,4120.53535991678,4042.71018376269,1.92507433420961
"Female","Half Marathon",40,"rho","Low",1,1000,4150.3922440555,4072.89346069388,1.90279426922244
"Female","Half Marathon",41,"rho","Low",1,1000,4181.63990751541,4102.90616055164,1.91897508455774
"Female","Half Marathon",42,"rho","Low",1,1000,4214.57809946792,4132.8702785574,1.977023603534
"Female","Half Marathon",43,"rho","Low",1,1000,4249.5623554948,4163.75323966395,2.06085977942769
"Female","Half Marathon",44,"rho","Low",1,1000,4286.97971865675,4197.48498283296,2.13210377618536
"Female","Half Marathon",45,"rho","Low",1,1000,4327.27071315398,4235.80727854904,2.15929169082194
"Female","Half Marathon",46,"rho","Low",1,1000,4370.51240388461,4278.35481047073,2.15404279206421
"Female","Half Marathon",47,"rho","Low",1,1000,4416.42360390956,4324.05924382387,2.13605676697464
"Female","Half Marathon",48,"rho","Low",1,1000,4464.53441845742,4372.27937846582,2.10999874449853
"Female","Half Marathon",49,"rho","Low",1,1000,4514.81642547845,4423.47777066539,2.06486071703089
"Female","Half Marathon",50,"rho","Low",1,1000,4567.44007974818,4478.02265716372,1.9968059438336
"Female","Half Marathon",51,"rho","Low",1,1000,4622.10955481482,4534.25504057548,1.93757328278104
"Female","Half Marathon",52,"rho","Low",1,1000,4678.02737632972,4590.44205975122,1.90799307427167
"Female","Half Marathon",53,"rho","Low",1,1000,4734.29800401086,4646.2287405074,1.89549995108176
"Female","Half Marathon",54,"rho","Low",1,1000,4790.64291886005,4701.58537921264,1.89420232675486
"Female","Half Marathon",55,"rho","Low",1,1000,4847.36411922883,4756.59337914648,1.90831405686902
"Female","Half Marathon",56,"rho","Low",1,1000,4904.77986827957,4811.42886371604,1.94019296985795
"Female","Half Marathon",57,"rho","Low",1,1000,4962.7451936943,4866.251131335,1.98292401594209
"Female","Half Marathon",58,"rho","Low",1,1000,5020.8095753445,4921.25627332411,2.02292456420152
"Female","Half Marathon",59,"rho","Low",1,1000,5079.06322125017,4977.88086241843,2.03263922195569
"Female","Half Marathon",60,"rho","Low",1,1000,5138.28535805435,5038.90203792437,1.97232094178441
"Female","Half Marathon",61,"rho","Low",1,1000,5199.55328551064,5106.33656414081,1.82551071984633
"Female","Half Marathon",62,"rho","Low",1,1000,5263.55251341681,5178.30510910604,1.64624143449685
"Female","Half Marathon",63,"rho","Low",1,1000,5330.59297308534,5251.8128914914,1.50005499475396
"Female","Half Marathon",64,"rho","Low",1,1000,5400.60530341121,5325.15461827752,1.41687313406309
"Female","Half Marathon",65,"rho","Low",1,1000,5473.25116522276,5397.95199198487,1.3949581869142
"Female","Half Marathon",66,"rho","Low",1,1000,5548.43328795853,5470.02410538361,1.43343394954603
"Female","Half Marathon",67,"rho","Low",1,1000,5626.8351694058,5541.32019635895,1.54322381700749
"Female","Half Marathon",68,"rho","Low",1,1000,5709.9646178078,5611.98644789449,1.74587324511573
"Female","Half Marathon",69,"rho","Low",1,1000,5799.59417087698,5682.20760011729,2.06586205610066
"Female","Half Marathon",70,"rho","Low",1,1000,5897.34501000069,5752.51744368594,2.51763802078884
"Female","Half Marathon",71,"rho","Low",1,1000,6004.31683604573,5825.45483429274,3.07035256200234
"Female","Half Marathon",72,"rho","Low",1,1000,6120.93866202707,5904.61885230011,3.6635694045297
"Female","Half Marathon",73,"rho","Low",1,1000,6247.10326709511,5993.82973520151,4.22557101357304
"Female","Half Marathon",74,"rho","Low",1,1000,6383.00468689699,6098.73464770936,4.66113145772624
"Female","Half Marathon",75,"rho","Low",1,1000,6528.73519140092,6226.64439408091,4.8515826214065
"Female","Half Marathon",76,"rho","Low",1,1000,6684.27579026928,6383.38460977165,4.7136620913774
"Female","Half Marathon",77,"rho","Low",1,1000,6847.86921564279,6565.81618186782,4.29578023451049
"Female","Half Marathon",78,"rho","Low",1,1000,7016.16543839665,6764.73136774203,3.71683747640883
"Female","Half Marathon",79,"rho","Low",1,1000,7200.41270912428,6989.43575046462,3.01851202574739
"Female","Half Marathon",80,"rho","Low",1,1000,7525.72624021739,7393.1133704706,1.79373510321736
"Female","Half Marathon",13,"rho","Current",50,1000,4583.25879458124,4583.25879458124,0
"Female","Half Marathon",14,"rho","Current",50,1000,4397.34394471605,4397.34394471605,0
"Female","Half Marathon",15,"rho","Current",50,1000,4292.36609132787,4292.36609132787,0
"Female","Half Marathon",16,"rho","Current",50,1000,4196.50333993272,4196.50333993272,0
"Female","Half Marathon",17,"rho","Current",50,1000,4103.39421781031,4103.39421781031,0
"Female","Half Marathon",18,"rho","Current",50,1000,4015.86039038787,4015.86039038787,0
"Female","Half Marathon",19,"rho","Current",50,1000,3937.73569689894,3937.73569689894,0
"Female","Half Marathon",20,"rho","Current",50,1000,3873.52699555645,3873.52699555645,0
"Female","Half Marathon",21,"rho","Current",50,1000,3826.64475038182,3826.64475038182,0
"Female","Half Marathon",22,"rho","Current",50,1000,3796.73636997012,3796.73636997012,0
"Female","Half Marathon",23,"rho","Current",50,1000,3782.27877893049,3782.27877893049,0
"Female","Half Marathon",24,"rho","Current",50,1000,3781.03525104415,3781.03525104415,0
"Female","Half Marathon",25,"rho","Current",50,1000,3788.97054117353,3788.97054117353,0
"Female","Half Marathon",26,"rho","Current",50,1000,3802.2208771329,3802.2208771329,0
"Female","Half Marathon",27,"rho","Current",50,1000,3818.01775864932,3818.01775864932,0
"Female","Half Marathon",28,"rho","Current",50,1000,3834.34285704653,3834.34285704653,0
"Female","Half Marathon",29,"rho","Current",50,1000,3849.80478500457,3849.80478500457,0
"Female","Half Marathon",30,"rho","Current",50,1000,3863.54783521445,3863.54783521445,0
"Female","Half Marathon",31,"rho","Current",50,1000,3875.43744190418,3875.43744190418,0
"Female","Half Marathon",32,"rho","Current",50,1000,3886.30358991199,3886.30358991199,0
"Female","Half Marathon",33,"rho","Current",50,1000,3897.65591645034,3897.65591645034,0
"Female","Half Marathon",34,"rho","Current",50,1000,3911.36764017835,3911.36764017835,0
"Female","Half Marathon",35,"rho","Current",50,1000,3929.68897905486,3929.68897905486,0
"Female","Half Marathon",36,"rho","Current",50,1000,3953.96270442764,3953.96270442764,0
"Female","Half Marathon",37,"rho","Current",50,1000,3982.35825328202,3982.35825328202,0
"Female","Half Marathon",38,"rho","Current",50,1000,4012.40553155141,4012.40553155141,0
"Female","Half Marathon",39,"rho","Current",50,1000,4042.71018376269,4042.71018376269,0
"Female","Half Marathon",40,"rho","Current",50,1000,4072.89346069388,4072.89346069388,0
"Female","Half Marathon",41,"rho","Current",50,1000,4102.90616055164,4102.90616055164,0
"Female","Half Marathon",42,"rho","Current",50,1000,4132.8702785574,4132.8702785574,0
"Female","Half Marathon",43,"rho","Current",50,1000,4163.75323966395,4163.75323966395,0
"Female","Half Marathon",44,"rho","Current",50,1000,4197.48498283296,4197.48498283296,0
"Female","Half Marathon",45,"rho","Current",50,1000,4235.80727854904,4235.80727854904,0
"Female","Half Marathon",46,"rho","Current",50,1000,4278.35481047073,4278.35481047073,0
"Female","Half Marathon",47,"rho","Current",50,1000,4324.05924382387,4324.05924382387,0
"Female","Half Marathon",48,"rho","Current",50,1000,4372.27937846582,4372.27937846582,0
"Female","Half Marathon",49,"rho","Current",50,1000,4423.47777066539,4423.47777066539,0
"Female","Half Marathon",50,"rho","Current",50,1000,4478.02265716372,4478.02265716372,0
"Female","Half Marathon",51,"rho","Current",50,1000,4534.25504057548,4534.25504057548,0
"Female","Half Marathon",52,"rho","Current",50,1000,4590.44205975122,4590.44205975122,0
"Female","Half Marathon",53,"rho","Current",50,1000,4646.2287405074,4646.2287405074,0
"Female","Half Marathon",54,"rho","Current",50,1000,4701.58537921264,4701.58537921264,0
"Female","Half Marathon",55,"rho","Current",50,1000,4756.59337914648,4756.59337914648,0
"Female","Half Marathon",56,"rho","Current",50,1000,4811.42886371604,4811.42886371604,0
"Female","Half Marathon",57,"rho","Current",50,1000,4866.251131335,4866.251131335,0
"Female","Half Marathon",58,"rho","Current",50,1000,4921.25627332411,4921.25627332411,0
"Female","Half Marathon",59,"rho","Current",50,1000,4977.88086241843,4977.88086241843,0
"Female","Half Marathon",60,"rho","Current",50,1000,5038.90203792437,5038.90203792437,0
"Female","Half Marathon",61,"rho","Current",50,1000,5106.33656414081,5106.33656414081,0
"Female","Half Marathon",62,"rho","Current",50,1000,5178.30510910604,5178.30510910604,0
"Female","Half Marathon",63,"rho","Current",50,1000,5251.8128914914,5251.8128914914,0
"Female","Half Marathon",64,"rho","Current",50,1000,5325.15461827752,5325.15461827752,0
"Female","Half Marathon",65,"rho","Current",50,1000,5397.95199198487,5397.95199198487,0
"Female","Half Marathon",66,"rho","Current",50,1000,5470.02410538361,5470.02410538361,0
"Female","Half Marathon",67,"rho","Current",50,1000,5541.32019635895,5541.32019635895,0
"Female","Half Marathon",68,"rho","Current",50,1000,5611.98644789449,5611.98644789449,0
"Female","Half Marathon",69,"rho","Current",50,1000,5682.20760011729,5682.20760011729,0
"Female","Half Marathon",70,"rho","Current",50,1000,5752.51744368594,5752.51744368594,0
"Female","Half Marathon",71,"rho","Current",50,1000,5825.45483429274,5825.45483429274,0
"Female","Half Marathon",72,"rho","Current",50,1000,5904.61885230011,5904.61885230011,0
"Female","Half Marathon",73,"rho","Current",50,1000,5993.82973520151,5993.82973520151,0
"Female","Half Marathon",74,"rho","Current",50,1000,6098.73464770936,6098.73464770936,0
"Female","Half Marathon",75,"rho","Current",50,1000,6226.64439408091,6226.64439408091,0
"Female","Half Marathon",76,"rho","Current",50,1000,6383.38460977165,6383.38460977165,0
"Female","Half Marathon",77,"rho","Current",50,1000,6565.81618186782,6565.81618186782,0
"Female","Half Marathon",78,"rho","Current",50,1000,6764.73136774203,6764.73136774203,0
"Female","Half Marathon",79,"rho","Current",50,1000,6989.43575046462,6989.43575046462,0
"Female","Half Marathon",80,"rho","Current",50,1000,7393.1133704706,7393.1133704706,0
"Female","Half Marathon",13,"rho","High",1000,1000,4583.01199122016,4583.25879458124,-0.00538488817980465
"Female","Half Marathon",14,"rho","High",1000,1000,4391.06684463946,4397.34394471605,-0.142747534773402
"Female","Half Marathon",15,"rho","High",1000,1000,4282.72583690671,4292.36609132787,-0.224590685324733
"Female","Half Marathon",16,"rho","High",1000,1000,4183.8789318793,4196.50333993272,-0.300831597899365
"Female","Half Marathon",17,"rho","High",1000,1000,4088.06522646453,4103.39421781031,-0.373568575966976
"Female","Half Marathon",18,"rho","High",1000,1000,3998.38297214647,4015.86039038787,-0.435209806676395
"Female","Half Marathon",19,"rho","High",1000,1000,3919.08041133541,3937.73569689894,-0.473756671333225
"Female","Half Marathon",20,"rho","High",1000,1000,3855.17903988246,3873.52699555645,-0.473675688720898
"Female","Half Marathon",21,"rho","High",1000,1000,3810.3222082999,3826.64475038182,-0.426549709906754
"Female","Half Marathon",22,"rho","High",1000,1000,3783.54618025613,3796.73636997012,-0.347408627533929
"Female","Half Marathon",23,"rho","High",1000,1000,3772.43289965991,3782.27877893049,-0.260316064628086
"Female","Half Marathon",24,"rho","High",1000,1000,3774.05815827713,3781.03525104415,-0.18452863577757
"Female","Half Marathon",25,"rho","High",1000,1000,3784.11422991724,3788.97054117353,-0.128169675734169
"Female","Half Marathon",26,"rho","High",1000,1000,3798.67460641,3802.2208771329,-0.093268403848501
"Female","Half Marathon",27,"rho","High",1000,1000,3814.97270412423,3818.01775864932,-0.0797548549427263
"Female","Half Marathon",28,"rho","High",1000,1000,3831.02683811979,3834.34285704653,-0.0864820661681254
"Female","Half Marathon",29,"rho","High",1000,1000,3845.51231933778,3849.80478500457,-0.111498268263055
"Female","Half Marathon",30,"rho","High",1000,1000,3857.67245688244,3863.54783521445,-0.15207210011644
"Female","Half Marathon",31,"rho","High",1000,1000,3867.51260550478,3875.43744190418,-0.204488822699211
"Female","Half Marathon",32,"rho","High",1000,1000,3876.05755580111,3886.30358991199,-0.263644717244282
"Female","Half Marathon",33,"rho","High",1000,1000,3885.08469648519,3897.65591645034,-0.322532830876543
"Female","Half Marathon",34,"rho","High",1000,1000,3896.82825569932,3911.36764017835,-0.371721244755341
"Female","Half Marathon",35,"rho","High",1000,1000,3913.97362776618,3929.68897905486,-0.399913361399395
"Female","Half Marathon",36,"rho","High",1000,1000,3938.11542166378,3953.96270442764,-0.400794947967309
"Female","Half Marathon",37,"rho","High",1000,1000,3967.10994409774,3982.35825328202,-0.382896470243876
"Female","Half Marathon",38,"rho","High",1000,1000,3998.01531704355,4012.40553155141,-0.358643073206399
"Female","Half Marathon",39,"rho","High",1000,1000,4029.15198618431,4042.71018376269,-0.335373968503427
"Female","Half Marathon",40,"rho","High",1000,1000,4060.11745203381,4072.89346069388,-0.313683841312462
"Female","Half Marathon",41,"rho","High",1000,1000,4090.86416067694,4102.90616055164,-0.293499275964115
"Female","Half Marathon",42,"rho","High",1000,1000,4121.48498822976,4132.8702785574,-0.275481434457558
"Female","Half Marathon",43,"rho","High",1000,1000,4152.7493630746,4163.75323966395,-0.264277827142401
"Female","Half Marathon",44,"rho","High",1000,1000,4186.62292390424,4197.48498283296,-0.258775408920897
"Female","Half Marathon",45,"rho","High",1000,1000,4224.99303056556,4235.80727854904,-0.255305477145906
"Female","Half Marathon",46,"rho","High",1000,1000,4267.4921166271,4278.35481047073,-0.253898854228829
"Female","Half Marathon",47,"rho","High",1000,1000,4313.06306095899,4324.05924382387,-0.254302317448252
"Female","Half Marathon",48,"rho","High",1000,1000,4361.23905315293,4372.27937846582,-0.252507316144368
"Female","Half Marathon",49,"rho","High",1000,1000,4412.7458236888,4423.47777066539,-0.242613335772845
"Female","Half Marathon",50,"rho","High",1000,1000,4467.98757567935,4478.02265716372,-0.224096264191898
"Female","Half Marathon",51,"rho","High",1000,1000,4524.89658350685,4534.25504057548,-0.206394589295922
"Female","Half Marathon",52,"rho","High",1000,1000,4581.60827443524,4590.44205975122,-0.192438662790984
"Female","Half Marathon",53,"rho","High",1000,1000,4637.68412316226,4646.2287405074,-0.183904362491583
"Female","Half Marathon",54,"rho","High",1000,1000,4693.0031714516,4701.58537921264,-0.182538592173354
"Female","Half Marathon",55,"rho","High",1000,1000,4747.56713947731,4756.59337914648,-0.189762692534023
"Female","Half Marathon",56,"rho","High",1000,1000,4801.47461397369,4811.42886371604,-0.206887600841699
"Female","Half Marathon",57,"rho","High",1000,1000,4854.84087796288,4866.251131335,-0.234477281672663
"Female","Half Marathon",58,"rho","High",1000,1000,4907.81481880956,4921.25627332411,-0.273130553826484
"Female","Half Marathon",59,"rho","High",1000,1000,4961.68307235366,4977.88086241843,-0.325395293950503
"Female","Half Marathon",60,"rho","High",1000,1000,5020.38268537732,5038.90203792437,-0.367527536905077
"Female","Half Marathon",61,"rho","High",1000,1000,5087.14367301833,5106.33656414081,-0.375864200908049
"Female","Half Marathon",62,"rho","High",1000,1000,5159.72976546258,5178.30510910604,-0.358714738743138
"Female","Half Marathon",63,"rho","High",1000,1000,5234.26868819043,5251.8128914914,-0.334059945840548
"Female","Half Marathon",64,"rho","High",1000,1000,5308.58221881014,5325.15461827752,-0.311209732962325
"Female","Half Marathon",65,"rho","High",1000,1000,5382.19322958066,5397.95199198487,-0.29193965466181
"Female","Half Marathon",66,"rho","High",1000,1000,5454.86328405352,5470.02410538361,-0.277161874207654
"Female","Half Marathon",67,"rho","High",1000,1000,5526.49172367632,5541.32019635895,-0.267598192437446
"Female","Half Marathon",68,"rho","High",1000,1000,5597.18076836406,5611.98644789449,-0.263822439129169
"Female","Half Marathon",69,"rho","High",1000,1000,5667.13513401387,5682.20760011729,-0.265257223321158
"Female","Half Marathon",70,"rho","High",1000,1000,5736.62472682983,5752.51744368594,-0.276274118448028
"Female","Half Marathon",71,"rho","High",1000,1000,5806.52497118329,5825.45483429274,-0.324950817539849
"Female","Half Marathon",72,"rho","High",1000,1000,5880.23429579255,5904.61885230011,-0.412974268407917
"Female","Half Marathon",73,"rho","High",1000,1000,5963.3233374827,5993.82973520151,-0.508963368439597
"Female","Half Marathon",74,"rho","High",1000,1000,6063.97255081498,6098.73464770936,-0.569988676379585
"Female","Half Marathon",75,"rho","High",1000,1000,6192.0493802123,6226.64439408091,-0.555596428495142
"Female","Half Marathon",76,"rho","High",1000,1000,6353.99921452215,6383.38460977165,-0.460341919622387
"Female","Half Marathon",77,"rho","High",1000,1000,6543.65839688869,6565.81618186782,-0.337471905477971
"Female","Half Marathon",78,"rho","High",1000,1000,6750.05580293748,6764.73136774203,-0.216942314583624
"Female","Half Marathon",79,"rho","High",1000,1000,6982.76175287196,6989.43575046462,-0.0954869295739402
"Female","Half Marathon",80,"rho","High",1000,1000,7400.34557049389,7393.1133704706,0.0978234697735836
"Female","Half Marathon",13,"eta","Low",50,0,4583.25869661941,4583.25879458124,-2.13738376997341e-06
"Female","Half Marathon",14,"eta","Low",50,0,4397.34629060728,4397.34394471605,5.33479131759051e-05
"Female","Half Marathon",15,"eta","Low",50,0,4292.36992316345,4292.36609132787,8.92709404842762e-05
"Female","Half Marathon",16,"eta","Low",50,0,4196.50864912978,4196.50333993272,0.000126514782161635
"Female","Half Marathon",17,"eta","Low",50,0,4103.40108721712,4103.39421781031,0.000167407917461837
"Female","Half Marathon",18,"eta","Low",50,0,4015.86883815684,4015.86039038787,0.000210360125740827
"Female","Half Marathon",19,"eta","Low",50,0,3937.74561391529,3937.73569689894,0.000251845657350813
"Female","Half Marathon",20,"eta","Low",50,0,3873.53793340128,3873.52699555645,0.000282374302340571
"Female","Half Marathon",21,"eta","Low",50,0,3826.65474854085,3826.64475038182,0.000261277429425277
"Female","Half Marathon",22,"eta","Low",50,0,3796.73942346435,3796.73636997012,8.04241834240216e-05
"Female","Half Marathon",23,"eta","Low",50,0,3782.2638663651,3782.27877893049,-0.000394274622728119
"Female","Half Marathon",24,"eta","Low",50,0,3780.98768254633,3781.03525104415,-0.00125808131012928
"Female","Half Marathon",25,"eta","Low",50,0,3788.87546367462,3788.97054117353,-0.00250932272688464
"Female","Half Marathon",26,"eta","Low",50,0,3802.06523011188,3802.2208771329,-0.00409358177895225
"Female","Half Marathon",27,"eta","Low",50,0,3817.79136374509,3818.01775864932,-0.00592964513376204
"Female","Half Marathon",28,"eta","Low",50,0,3834.03986542843,3834.34285704653,-0.00790204813181372
"Female","Half Marathon",29,"eta","Low",50,0,3849.42575546286,3849.80478500457,-0.00984542237544295
"Female","Half Marathon",30,"eta","Low",50,0,3863.10248989511,3863.54783521445,-0.011526848853205
"Female","Half Marathon",31,"eta","Low",50,0,3874.94808624301,3875.43744190418,-0.0126271077394935
"Female","Half Marathon",32,"eta","Low",50,0,3885.8090979152,3886.30358991199,-0.0127239672698232
"Female","Half Marathon",33,"eta","Low",50,0,3897.21606623749,3897.65591645034,-0.011284993398164
"Female","Half Marathon",34,"eta","Low",50,0,3911.06743285551,3911.36764017835,-0.00767525199527608
"Female","Half Marathon",35,"eta","Low",50,0,3929.64295391014,3929.68897905486,-0.00117121596562297
"Female","Half Marathon",36,"eta","Low",50,0,3954.32188448185,3953.96270442764,0.00908405265953593
"Female","Half Marathon",37,"eta","Low",50,0,3983.32036808482,3982.35825328202,0.0241594236783049
"Female","Half Marathon",38,"eta","Low",50,0,4014.18502622724,4012.40553155141,0.0443498211195381
"Female","Half Marathon",39,"eta","Low",50,0,4045.30216176699,4042.71018376269,0.0641148607366082
"Female","Half Marathon",40,"eta","Low",50,0,4075.69444500908,4072.89346069388,0.0687713622325337
"Female","Half Marathon",41,"eta","Low",50,0,4105.10294902938,4102.90616055164,0.0535422549718945
"Female","Half Marathon",42,"eta","Low",50,0,4134.15045252113,4132.8702785574,0.0309754208926538
"Female","Half Marathon",43,"eta","Low",50,0,4164.21828243617,4163.75323966395,0.0111688360345363
"Female","Half Marathon",44,"eta","Low",50,0,4197.31418197075,4197.48498283296,-0.00406912384226521
"Female","Half Marathon",45,"eta","Low",50,0,4235.15306618769,4235.80727854904,-0.0154448094148107
"Female","Half Marathon",46,"eta","Low",50,0,4277.37405193553,4278.35481047073,-0.0229237307013408
"Female","Half Marathon",47,"eta","Low",50,0,4322.97080168555,4324.05924382387,-0.0251717674746743
"Female","Half Marathon",48,"eta","Low",50,0,4371.4536008052,4372.27937846582,-0.0188866627483852
"Female","Half Marathon",49,"eta","Low",50,0,4423.48040098721,4423.47777066539,5.94627566519179e-05
"Female","Half Marathon",50,"eta","Low",50,0,4479.61329978547,4478.02265716372,0.0355210936507921
"Female","Half Marathon",51,"eta","Low",50,0,4538.21423411546,4534.25504057548,0.0873173984381248
"Female","Half Marathon",52,"eta","Low",50,0,4596.80383039658,4590.44205975122,0.138587320405303
"Female","Half Marathon",53,"eta","Low",50,0,4653.42976680219,4646.2287405074,0.154986478216523
"Female","Half Marathon",54,"eta","Low",50,0,4707.50295947546,4701.58537921264,0.125863507424229
"Female","Half Marathon",55,"eta","Low",50,0,4759.75876716125,4756.59337914648,0.0665473746116252
"Female","Half Marathon",56,"eta","Low",50,0,4811.64220801824,4811.42886371604,0.00443411527535353
"Female","Half Marathon",57,"eta","Low",50,0,4864.37644766691,4866.251131335,-0.0385241866375896
"Female","Half Marathon",58,"eta","Low",50,0,4918.46778187996,4921.25627332411,-0.0566621872400197
"Female","Half Marathon",59,"eta","Low",50,0,4975.29551884368,4977.88086241843,-0.0519366301887203
"Female","Half Marathon",60,"eta","Low",50,0,5037.55194456718,5038.90203792437,-0.0267934035434902
"Female","Half Marathon",61,"eta","Low",50,0,5107.31981554808,5106.33656414081,0.0192555150824836
"Female","Half Marathon",62,"eta","Low",50,0,5183.05379517682,5178.30510910604,0.0917034815587803
"Female","Half Marathon",63,"eta","Low",50,0,5261.8241136646,5251.8128914914,0.190624121232941
"Female","Half Marathon",64,"eta","Low",50,0,5340.82451313737,5325.15461827752,0.294261781734306
"Female","Half Marathon",65,"eta","Low",50,0,5417.61391846166,5397.95199198487,0.364247894497449
"Female","Half Marathon",66,"eta","Low",50,0,5490.55106515118,5470.02410538361,0.375262693035894
"Female","Half Marathon",67,"eta","Low",50,0,5559.30117383795,5541.32019635895,0.324489053904808
"Female","Half Marathon",68,"eta","Low",50,0,5624.90301219435,5611.98644789449,0.230160290296277
"Female","Half Marathon",69,"eta","Low",50,0,5689.29857451022,5682.20760011729,0.124792596327961
"Female","Half Marathon",70,"eta","Low",50,0,5755.075995022,5752.51744368594,0.0444770721880872
"Female","Half Marathon",71,"eta","Low",50,0,5825.27320455236,5825.45483429274,-0.00311786367837019
"Female","Half Marathon",72,"eta","Low",50,0,5903.14329689755,5904.61885230011,-0.0249898501406887
"Female","Half Marathon",73,"eta","Low",50,0,5992.08576638563,5993.82973520151,-0.029096068672807
"Female","Half Marathon",74,"eta","Low",50,0,6097.35535100407,6098.73464770936,-0.0226161127669711
"Female","Half Marathon",75,"eta","Low",50,0,6225.895900557,6226.64439408091,-0.0120208169367864
"Female","Half Marathon",76,"eta","Low",50,0,6383.25363656928,6383.38460977165,-0.00205178303321896
"Female","Half Marathon",77,"eta","Low",50,0,6566.19675236276,6565.81618186782,0.00579624047329919
"Female","Half Marathon",78,"eta","Low",50,0,6765.52970057518,6764.73136774203,0.0118013974207409
"Female","Half Marathon",79,"eta","Low",50,0,6990.61564573153,6989.43575046462,0.01688112329854
"Female","Half Marathon",80,"eta","Low",50,0,7394.88832983181,7393.1133704706,0.0240082800338826
"Female","Half Marathon",13,"eta","Current",50,1000,4583.25879458124,4583.25879458124,0
"Female","Half Marathon",14,"eta","Current",50,1000,4397.34394471605,4397.34394471605,0
"Female","Half Marathon",15,"eta","Current",50,1000,4292.36609132787,4292.36609132787,0
"Female","Half Marathon",16,"eta","Current",50,1000,4196.50333993272,4196.50333993272,0
"Female","Half Marathon",17,"eta","Current",50,1000,4103.39421781031,4103.39421781031,0
"Female","Half Marathon",18,"eta","Current",50,1000,4015.86039038787,4015.86039038787,0
"Female","Half Marathon",19,"eta","Current",50,1000,3937.73569689894,3937.73569689894,0
"Female","Half Marathon",20,"eta","Current",50,1000,3873.52699555645,3873.52699555645,0
"Female","Half Marathon",21,"eta","Current",50,1000,3826.64475038182,3826.64475038182,0
"Female","Half Marathon",22,"eta","Current",50,1000,3796.73636997012,3796.73636997012,0
"Female","Half Marathon",23,"eta","Current",50,1000,3782.27877893049,3782.27877893049,0
"Female","Half Marathon",24,"eta","Current",50,1000,3781.03525104415,3781.03525104415,0
"Female","Half Marathon",25,"eta","Current",50,1000,3788.97054117353,3788.97054117353,0
"Female","Half Marathon",26,"eta","Current",50,1000,3802.2208771329,3802.2208771329,0
"Female","Half Marathon",27,"eta","Current",50,1000,3818.01775864932,3818.01775864932,0
"Female","Half Marathon",28,"eta","Current",50,1000,3834.34285704653,3834.34285704653,0
"Female","Half Marathon",29,"eta","Current",50,1000,3849.80478500457,3849.80478500457,0
"Female","Half Marathon",30,"eta","Current",50,1000,3863.54783521445,3863.54783521445,0
"Female","Half Marathon",31,"eta","Current",50,1000,3875.43744190418,3875.43744190418,0
"Female","Half Marathon",32,"eta","Current",50,1000,3886.30358991199,3886.30358991199,0
"Female","Half Marathon",33,"eta","Current",50,1000,3897.65591645034,3897.65591645034,0
"Female","Half Marathon",34,"eta","Current",50,1000,3911.36764017835,3911.36764017835,0
"Female","Half Marathon",35,"eta","Current",50,1000,3929.68897905486,3929.68897905486,0
"Female","Half Marathon",36,"eta","Current",50,1000,3953.96270442764,3953.96270442764,0
"Female","Half Marathon",37,"eta","Current",50,1000,3982.35825328202,3982.35825328202,0
"Female","Half Marathon",38,"eta","Current",50,1000,4012.40553155141,4012.40553155141,0
"Female","Half Marathon",39,"eta","Current",50,1000,4042.71018376269,4042.71018376269,0
"Female","Half Marathon",40,"eta","Current",50,1000,4072.89346069388,4072.89346069388,0
"Female","Half Marathon",41,"eta","Current",50,1000,4102.90616055164,4102.90616055164,0
"Female","Half Marathon",42,"eta","Current",50,1000,4132.8702785574,4132.8702785574,0
"Female","Half Marathon",43,"eta","Current",50,1000,4163.75323966395,4163.75323966395,0
"Female","Half Marathon",44,"eta","Current",50,1000,4197.48498283296,4197.48498283296,0
"Female","Half Marathon",45,"eta","Current",50,1000,4235.80727854904,4235.80727854904,0
"Female","Half Marathon",46,"eta","Current",50,1000,4278.35481047073,4278.35481047073,0
"Female","Half Marathon",47,"eta","Current",50,1000,4324.05924382387,4324.05924382387,0
"Female","Half Marathon",48,"eta","Current",50,1000,4372.27937846582,4372.27937846582,0
"Female","Half Marathon",49,"eta","Current",50,1000,4423.47777066539,4423.47777066539,0
"Female","Half Marathon",50,"eta","Current",50,1000,4478.02265716372,4478.02265716372,0
"Female","Half Marathon",51,"eta","Current",50,1000,4534.25504057548,4534.25504057548,0
"Female","Half Marathon",52,"eta","Current",50,1000,4590.44205975122,4590.44205975122,0
"Female","Half Marathon",53,"eta","Current",50,1000,4646.2287405074,4646.2287405074,0
"Female","Half Marathon",54,"eta","Current",50,1000,4701.58537921264,4701.58537921264,0
"Female","Half Marathon",55,"eta","Current",50,1000,4756.59337914648,4756.59337914648,0
"Female","Half Marathon",56,"eta","Current",50,1000,4811.42886371604,4811.42886371604,0
"Female","Half Marathon",57,"eta","Current",50,1000,4866.251131335,4866.251131335,0
"Female","Half Marathon",58,"eta","Current",50,1000,4921.25627332411,4921.25627332411,0
"Female","Half Marathon",59,"eta","Current",50,1000,4977.88086241843,4977.88086241843,0
"Female","Half Marathon",60,"eta","Current",50,1000,5038.90203792437,5038.90203792437,0
"Female","Half Marathon",61,"eta","Current",50,1000,5106.33656414081,5106.33656414081,0
"Female","Half Marathon",62,"eta","Current",50,1000,5178.30510910604,5178.30510910604,0
"Female","Half Marathon",63,"eta","Current",50,1000,5251.8128914914,5251.8128914914,0
"Female","Half Marathon",64,"eta","Current",50,1000,5325.15461827752,5325.15461827752,0
"Female","Half Marathon",65,"eta","Current",50,1000,5397.95199198487,5397.95199198487,0
"Female","Half Marathon",66,"eta","Current",50,1000,5470.02410538361,5470.02410538361,0
"Female","Half Marathon",67,"eta","Current",50,1000,5541.32019635895,5541.32019635895,0
"Female","Half Marathon",68,"eta","Current",50,1000,5611.98644789449,5611.98644789449,0
"Female","Half Marathon",69,"eta","Current",50,1000,5682.20760011729,5682.20760011729,0
"Female","Half Marathon",70,"eta","Current",50,1000,5752.51744368594,5752.51744368594,0
"Female","Half Marathon",71,"eta","Current",50,1000,5825.45483429274,5825.45483429274,0
"Female","Half Marathon",72,"eta","Current",50,1000,5904.61885230011,5904.61885230011,0
"Female","Half Marathon",73,"eta","Current",50,1000,5993.82973520151,5993.82973520151,0
"Female","Half Marathon",74,"eta","Current",50,1000,6098.73464770936,6098.73464770936,0
"Female","Half Marathon",75,"eta","Current",50,1000,6226.64439408091,6226.64439408091,0
"Female","Half Marathon",76,"eta","Current",50,1000,6383.38460977165,6383.38460977165,0
"Female","Half Marathon",77,"eta","Current",50,1000,6565.81618186782,6565.81618186782,0
"Female","Half Marathon",78,"eta","Current",50,1000,6764.73136774203,6764.73136774203,0
"Female","Half Marathon",79,"eta","Current",50,1000,6989.43575046462,6989.43575046462,0
"Female","Half Marathon",80,"eta","Current",50,1000,7393.1133704706,7393.1133704706,0
"Female","Half Marathon",13,"eta","High",50,1e+06,4583.25881425281,4583.25879458124,4.29204982665965e-07
"Female","Half Marathon",14,"eta","High",50,1e+06,4397.34346428386,4397.34394471605,-1.09255086977456e-05
"Female","Half Marathon",15,"eta","High",50,1e+06,4292.36530725131,4292.36609132787,-1.82667680426185e-05
"Female","Half Marathon",16,"eta","High",50,1e+06,4196.50225447877,4196.50333993272,-2.58656759455356e-05
"Female","Half Marathon",17,"eta","High",50,1e+06,4103.3928147113,4103.39421781031,-3.4193619669054e-05
"Female","Half Marathon",18,"eta","High",50,1e+06,4015.85866677476,4015.86039038787,-4.29201452600836e-05
"Female","Half Marathon",19,"eta","High",50,1e+06,3937.73367607916,3937.73569689894,-5.13193352258412e-05
"Female","Half Marathon",20,"eta","High",50,1e+06,3873.52477019489,3873.52699555645,-5.74505240602541e-05
"Female","Half Marathon",21,"eta","High",50,1e+06,3826.64272113567,3826.64475038182,-5.30293843392649e-05
"Female","Half Marathon",22,"eta","High",50,1e+06,3796.7357607072,3796.73636997012,-1.60470168486526e-05
"Female","Half Marathon",23,"eta","High",50,1e+06,3782.2818341639,3782.27877893049,8.0777583866265e-05
"Female","Half Marathon",24,"eta","High",50,1e+06,3781.04495947145,3781.03525104415,0.000256766378980977
"Female","Half Marathon",25,"eta","High",50,1e+06,3788.98991759038,3788.97054117353,0.000511390010693447
"Female","Half Marathon",26,"eta","High",50,1e+06,3802.2525621719,3802.2208771329,0.000833329783378467
"Female","Half Marathon",27,"eta","High",50,1e+06,3818.0637965856,3818.01775864932,0.0012058072848653
"Female","Half Marathon",28,"eta","High",50,1e+06,3834.40440124089,3834.34285704653,0.00160507801865162
"Female","Half Marathon",29,"eta","High",50,1e+06,3849.88167542817,3849.80478500457,0.00199725513103655
"Female","Half Marathon",30,"eta","High",50,1e+06,3863.63803884021,3863.54783521445,0.00233473557473829
"Female","Half Marathon",31,"eta","High",50,1e+06,3875.53635911887,3875.43744190418,0.00255241417699281
"Female","Half Marathon",32,"eta","High",50,1e+06,3886.40324755508,3886.30358991199,0.00256432985188404
"Female","Half Marathon",33,"eta","High",50,1e+06,3897.74409178709,3897.65591645034,0.00226226579864708
"Female","Half Marathon",34,"eta","High",50,1e+06,3911.42699102581,3911.36764017835,0.00151739373330795
"Female","Half Marathon",35,"eta","High",50,1e+06,3929.69620443384,3929.68897905486,0.000183866433545177
"Female","Half Marathon",36,"eta","High",50,1e+06,3953.88735910618,3953.96270442764,-0.00190556479903181
"Female","Half Marathon",37,"eta","High",50,1e+06,3982.16116335827,3982.35825328202,-0.00494907567867298
"Female","Half Marathon",38,"eta","High",50,1e+06,4012.04446077369,4012.40553155141,-0.008998860530951
"Female","Half Marathon",39,"eta","High",50,1e+06,4042.18488910409,4042.71018376269,-0.0129936264219976
"Female","Half Marathon",40,"eta","High",50,1e+06,4072.32517399484,4072.89346069388,-0.0139528987075921
"Female","Half Marathon",41,"eta","High",50,1e+06,4102.46524971423,4102.90616055164,-0.0107463056710722
"Female","Half Marathon",42,"eta","High",50,1e+06,4132.60527320269,4132.8702785574,-0.0064121382200133
"Female","Half Marathon",43,"eta","High",50,1e+06,4163.63898327428,4163.75323966395,-0.00274407206900529
"Female","Half Marathon",44,"eta","High",50,1e+06,4197.49191915275,4197.48498283296,0.000165249424921576
"Female","Half Marathon",45,"eta","High",50,1e+06,4235.91718506519,4235.80727854904,0.00259470058292521
"Female","Half Marathon",46,"eta","High",50,1e+06,4278.55765384722,4278.35481047073,0.0047411536787223
"Female","Half Marathon",47,"eta","High",50,1e+06,4324.33142172277,4324.05924382387,0.00629449976403684
"Female","Half Marathon",48,"eta","High",50,1e+06,4372.53663190017,4372.27937846582,0.00588373733876324
"Female","Half Marathon",49,"eta","High",50,1e+06,4423.5519427991,4423.47777066539,0.00167678323612641
"Female","Half Marathon",50,"eta","High",50,1e+06,4477.6627174819,4478.02265716372,-0.0080379156020105
"Female","Half Marathon",51,"eta","High",50,1e+06,4533.22167196706,4534.25504057548,-0.0227902621085185
"Female","Half Marathon",52,"eta","High",50,1e+06,4588.78053077859,4590.44205975122,-0.0361954023381017
"Female","Half Marathon",53,"eta","High",50,1e+06,4644.33885186777,4646.2287405074,-0.040675755439068
"Female","Half Marathon",54,"eta","High",50,1e+06,4699.8966254869,4701.58537921264,-0.0359188143898681
"Female","Half Marathon",55,"eta","High",50,1e+06,4755.45391733208,4756.59337914648,-0.0239554177447587
"Female","Half Marathon",56,"eta","High",50,1e+06,4811.01093100213,4811.42886371604,-0.00868624946436247
"Female","Half Marathon",57,"eta","High",50,1e+06,4866.5678323623,4866.251131335,0.00650811104387916
"Female","Half Marathon",58,"eta","High",50,1e+06,4922.12466069214,4921.25627332411,0.01764564411606
"Female","Half Marathon",59,"eta","High",50,1e+06,4978.86085840279,4977.88086241843,0.0196870116310199
"Female","Half Marathon",60,"eta","High",50,1e+06,5039.51978949812,5038.90203792437,0.0122596464289249
"Female","Half Marathon",61,"eta","High",50,1e+06,5106.15156622911,5106.33656414081,-0.00362290870138393
"Female","Half Marathon",62,"eta","High",50,1e+06,5176.81971849855,5178.30510910604,-0.0286848800174599
"Female","Half Marathon",63,"eta","High",50,1e+06,5248.65553673913,5251.8128914914,-0.0601193305530989
"Female","Half Marathon",64,"eta","High",50,1e+06,5320.49105808472,5325.15461827752,-0.0875760522856317
"Female","Half Marathon",65,"eta","High",50,1e+06,5392.32586585435,5397.95199198487,-0.104227050164074
"Female","Half Marathon",66,"eta","High",50,1e+06,5464.15975704763,5470.02410538361,-0.107208820710869
"Female","Half Marathon",67,"eta","High",50,1e+06,5535.99265341292,5541.32019635895,-0.0961421242093974
"Female","Half Marathon",68,"eta","High",50,1e+06,5607.82475612597,5611.98644789449,-0.0741571956233367
"Female","Half Marathon",69,"eta","High",50,1e+06,5679.65622759339,5682.20760011729,-0.0449010790074533
"Female","Half Marathon",70,"eta","High",50,1e+06,5751.48763116702,5752.51744368594,-0.0179019451744478
"Female","Half Marathon",71,"eta","High",50,1e+06,5825.44983204635,5825.45483429274,-8.58687694504923e-05
"Female","Half Marathon",72,"eta","High",50,1e+06,5905.12053906347,5904.61885230011,0.00849651393095563
"Female","Half Marathon",73,"eta","High",50,1e+06,5994.4513879086,5993.82973520151,0.0103715443139585
"Female","Half Marathon",74,"eta","High",50,1e+06,6099.23520797584,6098.73464770936,0.0082076085514915
"Female","Half Marathon",75,"eta","High",50,1e+06,6226.92018770358,6226.64439408091,0.00442924961208124
"Female","Half Marathon",76,"eta","High",50,1e+06,6383.43712515384,6383.38460977165,0.00082268867369617
"Female","Half Marathon",77,"eta","High",50,1e+06,6565.68285872769,6565.81618186782,-0.00203056461584028
"Female","Half Marathon",78,"eta","High",50,1e+06,6764.44596630369,6764.73136774203,-0.00421896188953497
"Female","Half Marathon",79,"eta","High",50,1e+06,6989.01123838211,6989.43575046462,-0.00607362450515403
"Female","Half Marathon",80,"eta","High",50,1e+06,7392.47165199269,7393.1133704706,-0.00867994910609404
"Female","Marathon",13,"rho","Low",1,1000,9344.10798111806,9272.56738891007,0.771529493477141
"Female","Marathon",14,"rho","Low",1,1000,9127.92758983632,9020.99781574172,1.18534308818925
"Female","Marathon",15,"rho","Low",1,1000,9008.34932230962,8881.87134547687,1.4240014509685
"Female","Marathon",16,"rho","Low",1,1000,8901.30130107037,8757.56388212368,1.64129455270203
"Female","Marathon",17,"rho","Low",1,1000,8798.59552930163,8638.92098200234,1.84831586759444
"Female","Marathon",18,"rho","Low",1,1000,8701.52763673015,8527.61356104197,2.03942257049148
"Female","Marathon",19,"rho","Low",1,1000,8611.22917764993,8424.38367613699,2.21791300937784
"Female","Marathon",20,"rho","Low",1,1000,8528.53851435688,8329.54822696153,2.38896854875326
"Female","Marathon",21,"rho","Low",1,1000,8453.98792784217,8243.43520444082,2.55418667314715
"Female","Marathon",22,"rho","Low",1,1000,8387.8585032557,8166.52366292063,2.71026999333897
"Female","Marathon",23,"rho","Low",1,1000,8330.34911533054,8099.63596837383,2.84843847127902
"Female","Marathon",24,"rho","Low",1,1000,8281.68599245302,8044.06875928441,2.95394333737329
"Female","Marathon",25,"rho","Low",1,1000,8242.14540338129,8001.6338881606,3.0057800517036
"Female","Marathon",26,"rho","Low",1,1000,8211.88079378953,7974.32958016269,2.97894902936775
"Female","Marathon",27,"rho","Low",1,1000,8190.70029496667,7962.94016701615,2.86025165546189
"Female","Marathon",28,"rho","Low",1,1000,8178.0934128099,7965.36700317162,2.67064166100046
"Female","Marathon",29,"rho","Low",1,1000,8173.59152264157,7978.65934408643,2.4431695871264
"Female","Marathon",30,"rho","Low",1,1000,8176.81190629819,8000.21202412347,2.20744002336708
"Female","Marathon",31,"rho","Low",1,1000,8187.2941687548,8027.73627843008,1.98758261097141
"Female","Marathon",32,"rho","Low",1,1000,8204.4444009215,8059.16804399542,1.80262225744647
"Female","Marathon",33,"rho","Low",1,1000,8227.72565423413,8092.82494178819,1.66691746598111
"Female","Marathon",34,"rho","Low",1,1000,8256.77609113281,8127.49630148007,1.59064716681803
"Female","Marathon",35,"rho","Low",1,1000,8291.39472050842,8162.41806718154,1.58012799963596
"Female","Marathon",36,"rho","Low",1,1000,8331.4505434189,8197.22628978286,1.63743501632174
"Female","Marathon",37,"rho","Low",1,1000,8376.78162106159,8231.86384838035,1.76044909573849
"Female","Marathon",38,"rho","Low",1,1000,8427.21699203234,8266.37015229759,1.94579769319969
"Female","Marathon",39,"rho","Low",1,1000,8482.59466623913,8300.97157862226,2.18797385217664
"Female","Marathon",40,"rho","Low",1,1000,8542.82048953192,8336.37076778034,2.47649399843755
"Female","Marathon",41,"rho","Low",1,1000,8607.89807617124,8373.79222824206,2.7956968784062
"Female","Marathon",42,"rho","Low",1,1000,8677.88900407747,8414.945464164,3.12472066554976
"Female","Marathon",43,"rho","Low",1,1000,8752.81031835377,8461.96995138502,3.43702906816812
"Female","Marathon",44,"rho","Low",1,1000,8832.72497627793,8517.58250323055,3.69990514242577
"Female","Marathon",45,"rho","Low",1,1000,8917.93796018147,8585.07719934987,3.87720171994264
"Female","Marathon",46,"rho","Low",1,1000,9008.81053430706,8666.43090301502,3.95064167848984
"Female","Marathon",47,"rho","Low",1,1000,9105.35296392901,8759.4223171147,3.94924042123654
"Female","Marathon",48,"rho","Low",1,1000,9207.35089627079,8860.28755739416,3.91706630996405
"Female","Marathon",49,"rho","Low",1,1000,9314.50616321976,8965.62859456495,3.8912783969917
"Female","Marathon",50,"rho","Low",1,1000,9426.55479788693,9072.84294914714,3.89857788481873
"Female","Marathon",51,"rho","Low",1,1000,9542.86518229644,9180.01884442542,3.95256637290409
"Female","Marathon",52,"rho","Low",1,1000,9662.25822943243,9285.99836901352,4.05190530373618
"Female","Marathon",53,"rho","Low",1,1000,9783.40145377817,9389.96354138316,4.1899833866347
"Female","Marathon",54,"rho","Low",1,1000,9905.48204910731,9491.5502424555,4.36105584523281
"Female","Marathon",55,"rho","Low",1,1000,10028.427705778,9590.90128481188,4.56189056662462
"Female","Marathon",56,"rho","Low",1,1000,10152.9844564524,9688.71170018258,4.79189360398744
"Female","Marathon",57,"rho","Low",1,1000,10280.4395163284,9786.66558732303,5.04537449041851
"Female","Marathon",58,"rho","Low",1,1000,10412.2798502681,9888.73553787745,5.294350429186
"Female","Marathon",59,"rho","Low",1,1000,10550.2623634827,10000.6059128816,5.49623148226537
"Female","Marathon",60,"rho","Low",1,1000,10696.2019236076,10127.5407538464,5.61499759500093
"Female","Marathon",61,"rho","Low",1,1000,10851.1764073416,10271.5255091469,5.64327954672894
"Female","Marathon",62,"rho","Low",1,1000,11015.335158291,10432.8710173941,5.58297078460717
"Female","Marathon",63,"rho","Low",1,1000,11188.0202902169,10609.889126705,5.44898402431677
"Female","Marathon",64,"rho","Low",1,1000,11367.8191950884,10796.5088557333,5.29162108779024
"Female","Marathon",65,"rho","Low",1,1000,11553.3476443648,10986.1408106723,5.16293067299423
"Female","Marathon",66,"rho","Low",1,1000,11743.8382186086,11174.8817561643,5.09138686975692
"Female","Marathon",67,"rho","Low",1,1000,11938.9309443273,11361.1142547535,5.08591566476093
"Female","Marathon",68,"rho","Low",1,1000,12138.7072242369,11544.0584212165,5.15112433879859
"Female","Marathon",69,"rho","Low",1,1000,12343.8403436824,11723.5093404245,5.29134225294523
"Female","Marathon",70,"rho","Low",1,1000,12555.4591656193,11899.8081553948,5.50976117986652
"Female","Marathon",71,"rho","Low",1,1000,12774.9597034889,12073.8020496446,5.80726477841316
"Female","Marathon",72,"rho","Low",1,1000,13003.5437108315,12246.9273265986,6.17800991265465
"Female","Marathon",73,"rho","Low",1,1000,13241.8670775934,12422.1714997197,6.59864966356498
"Female","Marathon",74,"rho","Low",1,1000,13490.2863628466,12604.8598530824,7.02448515956904
"Female","Marathon",75,"rho","Low",1,1000,13748.795790499,12802.0382503303,7.3953656570606
"Female","Marathon",76,"rho","Low",1,1000,14016.178343541,13020.7899934795,7.64460797355544
"Female","Marathon",77,"rho","Low",1,1000,14289.5298686383,13263.7079017316,7.73405125102891
"Female","Marathon",78,"rho","Low",1,1000,14565.0522268598,13523.8940061036,7.69865706050501
"Female","Marathon",79,"rho","Low",1,1000,14863.3135406194,13816.1290167043,7.57943504037257
"Female","Marathon",80,"rho","Low",1,1000,15389.3790891075,14342.5385767872,7.29885094410399
"Female","Marathon",13,"rho","Current",50,1000,9272.56738891007,9272.56738891007,0
"Female","Marathon",14,"rho","Current",50,1000,9020.99781574172,9020.99781574172,0
"Female","Marathon",15,"rho","Current",50,1000,8881.87134547687,8881.87134547687,0
"Female","Marathon",16,"rho","Current",50,1000,8757.56388212368,8757.56388212368,0
"Female","Marathon",17,"rho","Current",50,1000,8638.92098200234,8638.92098200234,0
"Female","Marathon",18,"rho","Current",50,1000,8527.61356104197,8527.61356104197,0
"Female","Marathon",19,"rho","Current",50,1000,8424.38367613699,8424.38367613699,0
"Female","Marathon",20,"rho","Current",50,1000,8329.54822696153,8329.54822696153,0
"Female","Marathon",21,"rho","Current",50,1000,8243.43520444082,8243.43520444082,0
"Female","Marathon",22,"rho","Current",50,1000,8166.52366292063,8166.52366292063,0
"Female","Marathon",23,"rho","Current",50,1000,8099.63596837383,8099.63596837383,0
"Female","Marathon",24,"rho","Current",50,1000,8044.06875928441,8044.06875928441,0
"Female","Marathon",25,"rho","Current",50,1000,8001.6338881606,8001.6338881606,0
"Female","Marathon",26,"rho","Current",50,1000,7974.32958016269,7974.32958016269,0
"Female","Marathon",27,"rho","Current",50,1000,7962.94016701615,7962.94016701615,0
"Female","Marathon",28,"rho","Current",50,1000,7965.36700317162,7965.36700317162,0
"Female","Marathon",29,"rho","Current",50,1000,7978.65934408643,7978.65934408643,0
"Female","Marathon",30,"rho","Current",50,1000,8000.21202412347,8000.21202412347,0
"Female","Marathon",31,"rho","Current",50,1000,8027.73627843008,8027.73627843008,0
"Female","Marathon",32,"rho","Current",50,1000,8059.16804399542,8059.16804399542,0
"Female","Marathon",33,"rho","Current",50,1000,8092.82494178819,8092.82494178819,0
"Female","Marathon",34,"rho","Current",50,1000,8127.49630148007,8127.49630148007,0
"Female","Marathon",35,"rho","Current",50,1000,8162.41806718154,8162.41806718154,0
"Female","Marathon",36,"rho","Current",50,1000,8197.22628978286,8197.22628978286,0
"Female","Marathon",37,"rho","Current",50,1000,8231.86384838035,8231.86384838035,0
"Female","Marathon",38,"rho","Current",50,1000,8266.37015229759,8266.37015229759,0
"Female","Marathon",39,"rho","Current",50,1000,8300.97157862226,8300.97157862226,0
"Female","Marathon",40,"rho","Current",50,1000,8336.37076778034,8336.37076778034,0
"Female","Marathon",41,"rho","Current",50,1000,8373.79222824206,8373.79222824206,0
"Female","Marathon",42,"rho","Current",50,1000,8414.945464164,8414.945464164,0
"Female","Marathon",43,"rho","Current",50,1000,8461.96995138502,8461.96995138502,0
"Female","Marathon",44,"rho","Current",50,1000,8517.58250323055,8517.58250323055,0
"Female","Marathon",45,"rho","Current",50,1000,8585.07719934987,8585.07719934987,0
"Female","Marathon",46,"rho","Current",50,1000,8666.43090301502,8666.43090301502,0
"Female","Marathon",47,"rho","Current",50,1000,8759.4223171147,8759.4223171147,0
"Female","Marathon",48,"rho","Current",50,1000,8860.28755739416,8860.28755739416,0
"Female","Marathon",49,"rho","Current",50,1000,8965.62859456495,8965.62859456495,0
"Female","Marathon",50,"rho","Current",50,1000,9072.84294914714,9072.84294914714,0
"Female","Marathon",51,"rho","Current",50,1000,9180.01884442542,9180.01884442542,0
"Female","Marathon",52,"rho","Current",50,1000,9285.99836901352,9285.99836901352,0
"Female","Marathon",53,"rho","Current",50,1000,9389.96354138316,9389.96354138316,0
"Female","Marathon",54,"rho","Current",50,1000,9491.5502424555,9491.5502424555,0
"Female","Marathon",55,"rho","Current",50,1000,9590.90128481188,9590.90128481188,0
"Female","Marathon",56,"rho","Current",50,1000,9688.71170018258,9688.71170018258,0
"Female","Marathon",57,"rho","Current",50,1000,9786.66558732303,9786.66558732303,0
"Female","Marathon",58,"rho","Current",50,1000,9888.73553787745,9888.73553787745,0
"Female","Marathon",59,"rho","Current",50,1000,10000.6059128816,10000.6059128816,0
"Female","Marathon",60,"rho","Current",50,1000,10127.5407538464,10127.5407538464,0
"Female","Marathon",61,"rho","Current",50,1000,10271.5255091469,10271.5255091469,0
"Female","Marathon",62,"rho","Current",50,1000,10432.8710173941,10432.8710173941,0
"Female","Marathon",63,"rho","Current",50,1000,10609.889126705,10609.889126705,0
"Female","Marathon",64,"rho","Current",50,1000,10796.5088557333,10796.5088557333,0
"Female","Marathon",65,"rho","Current",50,1000,10986.1408106723,10986.1408106723,0
"Female","Marathon",66,"rho","Current",50,1000,11174.8817561643,11174.8817561643,0
"Female","Marathon",67,"rho","Current",50,1000,11361.1142547535,11361.1142547535,0
"Female","Marathon",68,"rho","Current",50,1000,11544.0584212165,11544.0584212165,0
"Female","Marathon",69,"rho","Current",50,1000,11723.5093404245,11723.5093404245,0
"Female","Marathon",70,"rho","Current",50,1000,11899.8081553948,11899.8081553948,0
"Female","Marathon",71,"rho","Current",50,1000,12073.8020496446,12073.8020496446,0
"Female","Marathon",72,"rho","Current",50,1000,12246.9273265986,12246.9273265986,0
"Female","Marathon",73,"rho","Current",50,1000,12422.1714997197,12422.1714997197,0
"Female","Marathon",74,"rho","Current",50,1000,12604.8598530824,12604.8598530824,0
"Female","Marathon",75,"rho","Current",50,1000,12802.0382503303,12802.0382503303,0
"Female","Marathon",76,"rho","Current",50,1000,13020.7899934795,13020.7899934795,0
"Female","Marathon",77,"rho","Current",50,1000,13263.7079017316,13263.7079017316,0
"Female","Marathon",78,"rho","Current",50,1000,13523.8940061036,13523.8940061036,0
"Female","Marathon",79,"rho","Current",50,1000,13816.1290167043,13816.1290167043,0
"Female","Marathon",80,"rho","Current",50,1000,14342.5385767872,14342.5385767872,0
"Female","Marathon",13,"rho","High",1000,1000,9277.57081692276,9272.56738891007,0.0539594677810173
"Female","Marathon",14,"rho","High",1000,1000,9016.1526532294,9020.99781574172,-0.0537098291262139
"Female","Marathon",15,"rho","High",1000,1000,8871.43800436359,8881.87134547687,-0.11746782527523
"Female","Marathon",16,"rho","High",1000,1000,8741.95813448091,8757.56388212368,-0.178197360051424
"Female","Marathon",17,"rho","High",1000,1000,8618.15018305553,8638.92098200234,-0.240432792360079
"Female","Marathon",18,"rho","High",1000,1000,8501.70302703304,8527.61356104197,-0.30384273189038
"Female","Marathon",19,"rho","High",1000,1000,8393.34291247714,8424.38367613699,-0.368463318542478
"Female","Marathon",20,"rho","High",1000,1000,8293.38966939103,8329.54822696153,-0.434099864545634
"Female","Marathon",21,"rho","High",1000,1000,8202.2328106573,8243.43520444082,-0.49982067865737
"Female","Marathon",22,"rho","High",1000,1000,8120.48602866531,8166.52366292063,-0.563736005129689
"Female","Marathon",23,"rho","High",1000,1000,8049.18955878644,8099.63596837383,-0.622823171119891
"Female","Marathon",24,"rho","High",1000,1000,7989.9507772996,8044.06875928441,-0.672768764219589
"Female","Marathon",25,"rho","High",1000,1000,7944.99385436485,8001.6338881606,-0.707855852784756
"Female","Marathon",26,"rho","High",1000,1000,7916.79394100134,7974.32958016269,-0.721510674759085
"Female","Marathon",27,"rho","High",1000,1000,7906.37282444638,7962.94016701615,-0.710382614754368
"Female","Marathon",28,"rho","High",1000,1000,7911.19026755723,7965.36700317162,-0.680153665145844
"Female","Marathon",29,"rho","High",1000,1000,7927.61445445003,7978.65934408643,-0.63976775339113
"Female","Marathon",30,"rho","High",1000,1000,7952.42415062271,8000.21202412347,-0.597332587644639
"Female","Marathon",31,"rho","High",1000,1000,7982.8177260357,8027.73627843008,-0.559541953502829
"Female","Marathon",32,"rho","High",1000,1000,8016.31521159907,8059.16804399542,-0.531727743638288
"Female","Marathon",33,"rho","High",1000,1000,8050.90975583347,8092.82494178819,-0.517930219128881
"Female","Marathon",34,"rho","High",1000,1000,8085.15368851297,8127.49630148007,-0.520979787580966
"Female","Marathon",35,"rho","High",1000,1000,8118.16856372022,8162.41806718154,-0.542112681525453
"Female","Marathon",36,"rho","High",1000,1000,8149.81036903651,8197.22628978286,-0.578438597034392
"Female","Marathon",37,"rho","High",1000,1000,8180.62546512039,8231.86384838035,-0.622439634616201
"Female","Marathon",38,"rho","High",1000,1000,8210.83960266883,8266.37015229759,-0.671764615008463
"Female","Marathon",39,"rho","High",1000,1000,8240.62448420156,8300.97157862226,-0.726988327199007
"Female","Marathon",40,"rho","High",1000,1000,8270.55869592474,8336.37076778034,-0.789457111360226
"Female","Marathon",41,"rho","High",1000,1000,8302.13290328557,8373.79222824206,-0.855757140890112
"Female","Marathon",42,"rho","High",1000,1000,8337.62736022536,8414.945464164,-0.918818835700197
"Female","Marathon",43,"rho","High",1000,1000,8379.92129363883,8461.96995138502,-0.969616510311022
"Female","Marathon",44,"rho","High",1000,1000,8432.62709314732,8517.58250323055,-0.997412235819295
"Female","Marathon",45,"rho","High",1000,1000,8500.01244319158,8585.07719934987,-0.990844394092782
"Female","Marathon",46,"rho","High",1000,1000,8584.50371145554,8666.43090301502,-0.945339465303741
"Female","Marathon",47,"rho","High",1000,1000,8682.93727446119,8759.4223171147,-0.873174507228325
"Female","Marathon",48,"rho","High",1000,1000,8790.07702608473,8860.28755739416,-0.792418201493228
"Female","Marathon",49,"rho","High",1000,1000,8901.18199718155,8965.62859456495,-0.718818504510232
"Female","Marathon",50,"rho","High",1000,1000,9012.90114655631,9072.84294914714,-0.660672767365278
"Female","Marathon",51,"rho","High",1000,1000,9123.48158380996,9180.01884442542,-0.61587303439794
"Female","Marathon",52,"rho","High",1000,1000,9231.81049642365,9285.99836901352,-0.583543852114876
"Female","Marathon",53,"rho","High",1000,1000,9337.02180173511,9389.96354138316,-0.563811983025575
"Female","Marathon",54,"rho","High",1000,1000,9438.74757246334,9491.5502424555,-0.556312389897828
"Female","Marathon",55,"rho","High",1000,1000,9537.1680850862,9590.90128481188,-0.560251827539571
"Female","Marathon",56,"rho","High",1000,1000,9633.04891798025,9688.71170018258,-0.57451169902476
"Female","Marathon",57,"rho","High",1000,1000,9727.91745009116,9786.66558732303,-0.600287571979219
"Female","Marathon",58,"rho","High",1000,1000,9825.15639066751,9888.73553787745,-0.642945166916464
"Female","Marathon",59,"rho","High",1000,1000,9930.55132608872,10000.6059128816,-0.700503423523791
"Female","Marathon",60,"rho","High",1000,1000,10050.0213238137,10127.5407538464,-0.765431923867832
"Female","Marathon",61,"rho","High",1000,1000,10186.4657848509,10271.5255091469,-0.828111892632022
"Female","Marathon",62,"rho","High",1000,1000,10341.2135555836,10432.8710173941,-0.87854495332853
"Female","Marathon",63,"rho","High",1000,1000,10513.1345140624,10609.889126705,-0.911928593099331
"Female","Marathon",64,"rho","High",1000,1000,10695.4982305251,10796.5088557333,-0.935585998751698
"Female","Marathon",65,"rho","High",1000,1000,10880.8139754165,10986.1408106723,-0.958724606491956
"Female","Marathon",66,"rho","High",1000,1000,11064.7708152737,11174.8817561643,-0.985343230409996
"Female","Marathon",67,"rho","High",1000,1000,11245.5098149248,11361.1142547535,-1.01754491008887
"Female","Marathon",68,"rho","High",1000,1000,11422.0635814502,11544.0584212165,-1.05677600818535
"Female","Marathon",69,"rho","High",1000,1000,11594.1162566225,11723.5093404245,-1.10370606654288
"Female","Marathon",70,"rho","High",1000,1000,11761.9823769354,11899.8081553948,-1.15821849108474
"Female","Marathon",71,"rho","High",1000,1000,11926.5816949939,12073.8020496446,-1.2193371569731
"Female","Marathon",72,"rho","High",1000,1000,12089.3485754582,12246.9273265986,-1.28667989070359
"Female","Marathon",73,"rho","High",1000,1000,12253.0513664282,12422.1714997197,-1.36143775905277
"Female","Marathon",74,"rho","High",1000,1000,12423.6608983368,12604.8598530824,-1.43753248237263
"Female","Marathon",75,"rho","High",1000,1000,12609.5902638387,12802.0382503303,-1.50326051780566
"Female","Marathon",76,"rho","High",1000,1000,12819.5920152565,13020.7899934795,-1.54520561597135
"Female","Marathon",77,"rho","High",1000,1000,13057.3699917784,13263.7079017316,-1.55565782571404
"Female","Marathon",78,"rho","High",1000,1000,13315.4135218616,13523.8940061036,-1.54157141536263
"Female","Marathon",79,"rho","High",1000,1000,13607.4263816053,13816.1290167043,-1.51057242478422
"Female","Marathon",80,"rho","High",1000,1000,14135.6208429728,14342.5385767872,-1.44268556578458
"Female","Marathon",13,"eta","Low",50,0,9272.58240166646,9272.56738891007,0.000161905066420331
"Female","Marathon",14,"eta","Low",50,0,9021.00622192137,9020.99781574172,9.31845880680626e-05
"Female","Marathon",15,"eta","Low",50,0,8881.87593376191,8881.87134547687,5.1658990107839e-05
"Female","Marathon",16,"eta","Low",50,0,8757.56482793434,8757.56388212368,1.07999288179172e-05
"Female","Marathon",17,"eta","Low",50,0,8638.91812633274,8638.92098200234,-3.30558597050334e-05
"Female","Marathon",18,"eta","Low",50,0,8527.60675964966,8527.61356104197,-7.97572762611942e-05
"Female","Marathon",19,"eta","Low",50,0,8424.37294698892,8424.38367613699,-0.000127358255208598
"Female","Marathon",20,"eta","Low",50,0,8329.53382690452,8329.54822696153,-0.000172879208182319
"Female","Marathon",21,"eta","Low",50,0,8243.41765860344,8243.43520444082,-0.000212846185454474
"Female","Marathon",22,"eta","Low",50,0,8166.50379349725,8166.52366292063,-0.000243303322178257
"Female","Marathon",23,"eta","Low",50,0,8099.61492957361,8099.63596837383,-0.000259749948061661
"Female","Marathon",24,"eta","Low",50,0,8044.04807675808,8044.06875928441,-0.000257115235380301
"Female","Marathon",25,"eta","Low",50,0,8001.61550054295,8001.6338881606,-0.00022979828752101
"Female","Marathon",26,"eta","Low",50,0,7974.31591724562,7974.32958016269,-0.00017133624752308
"Female","Marathon",27,"eta","Low",50,0,7962.93448635729,7962.94016701615,-7.13387108608465e-05
"Female","Marathon",28,"eta","Low",50,0,7965.37409288499,7965.36700317162,8.90067384240467e-05
"Female","Marathon",29,"eta","Low",50,0,7978.68583214817,7978.65934408643,0.000331986372703597
"Female","Marathon",30,"eta","Low",50,0,8000.26639718553,8000.21202412347,0.000679645263090833
"Female","Marathon",31,"eta","Low",50,0,8027.82882249806,8027.73627843008,0.00115280403802931
"Female","Marathon",32,"eta","Low",50,0,8059.31072746819,8059.16804399542,0.00177044915785629
"Female","Marathon",33,"eta","Low",50,0,8093.03122012459,8092.82494178819,0.00254890397208829
"Female","Marathon",34,"eta","Low",50,0,8127.78081940676,8127.49630148007,0.00350068355776667
"Female","Marathon",35,"eta","Low",50,0,8162.78663879099,8162.41806718154,0.00451547086188775
"Female","Marathon",36,"eta","Low",50,0,8197.6103856277,8197.22628978286,0.00468568063467512
"Female","Marathon",37,"eta","Low",50,0,8232.0468529113,8231.86384838035,0.00222312387960777
"Female","Marathon",38,"eta","Low",50,0,8266.15645270323,8266.37015229759,-0.00258516846480816
"Female","Marathon",39,"eta","Low",50,0,8300.30509896754,8300.97157862226,-0.00802893550952977
"Female","Marathon",40,"eta","Low",50,0,8335.25575093848,8336.37076778034,-0.0133753269008441
"Female","Marathon",41,"eta","Low",50,0,8372.24072389938,8373.79222824206,-0.0185280969527968
"Female","Marathon",42,"eta","Low",50,0,8412.97219938328,8414.945464164,-0.0234495254796685
"Female","Marathon",43,"eta","Low",50,0,8459.59546010384,8461.96995138502,-0.0280607387501908
"Female","Marathon",44,"eta","Low",50,0,8514.83710526507,8517.58250323055,-0.032232126479903
"Female","Marathon",45,"eta","Low",50,0,8582.01422065128,8585.07719934987,-0.0356779400751739
"Female","Marathon",46,"eta","Low",50,0,8663.19968279627,8666.43090301502,-0.0372843244804133
"Female","Marathon",47,"eta","Low",50,0,8756.42615264421,8759.4223171147,-0.0342050464291477
"Female","Marathon",48,"eta","Low",50,0,8858.25745811937,8860.28755739416,-0.0229123407298859
"Female","Marathon",49,"eta","Low",50,0,8965.63512599229,8965.62859456495,7.28496309942983e-05
"Female","Marathon",50,"eta","Low",50,0,9076.21012935819,9072.84294914714,0.0371127355550893
"Female","Marathon",51,"eta","Low",50,0,9187.72586901123,9180.01884442542,0.0839543438463375
"Female","Marathon",52,"eta","Low",50,0,9297.53368674493,9285.99836901352,0.124222698228182
"Female","Marathon",53,"eta","Low",50,0,9403.30637559409,9389.96354138316,0.14209676269914
"Female","Marathon",54,"eta","Low",50,0,9503.94744668698,9491.5502424555,0.130613060193552
"Female","Marathon",55,"eta","Low",50,0,9599.87411445334,9590.90128481188,0.0935556458669273
"Female","Marathon",56,"eta","Low",50,0,9693.13819452476,9688.71170018258,0.0456871303342821
"Female","Marathon",57,"eta","Low",50,0,9787.20273549905,9786.66558732303,0.00548857188613638
"Female","Marathon",58,"eta","Low",50,0,9886.66243845195,9888.73553787745,-0.0209642518758324
"Female","Marathon",59,"eta","Low",50,0,9997.18601179208,10000.6059128816,-0.0341969388584107
"Female","Marathon",60,"eta","Low",50,0,10124.0139441052,10127.5407538464,-0.0348239501265724
"Female","Marathon",61,"eta","Low",50,0,10269.2837567735,10271.5255091469,-0.0218249214433253
"Female","Marathon",62,"eta","Low",50,0,10433.5380738326,10432.8710173941,0.00639379550766428
"Female","Marathon",63,"eta","Low",50,0,10615.3186912323,10609.889126705,0.0511745642431283
"Female","Marathon",64,"eta","Low",50,0,10808.6988243923,10796.5088557333,0.112906577690164
"Female","Marathon",65,"eta","Low",50,0,11006.7647612909,10986.1408106723,0.18772698233227
"Female","Marathon",66,"eta","Low",50,0,11204.0802784506,11174.8817561643,0.261287080466333
"Female","Marathon",67,"eta","Low",50,0,11396.7264486993,11361.1142547535,0.313456877092766
"Female","Marathon",68,"eta","Low",50,0,11582.3241618117,11544.0584212165,0.331475631870148
"Female","Marathon",69,"eta","Low",50,0,11760.1912410722,11723.5093404245,0.312891810656257
"Female","Marathon",70,"eta","Low",50,0,11931.2357424933,11899.8081553948,0.264101628262514
"Female","Marathon",71,"eta","Low",50,0,12097.822848798,12073.8020496446,0.198949751326727
"Female","Marathon",72,"eta","Low",50,0,12263.3949064969,12246.9273265986,0.134462951066561
"Female","Marathon",73,"eta","Low",50,0,12432.2253799867,12422.1714997197,0.0809349658980274
"Female","Marathon",74,"eta","Low",50,0,12609.7904474071,12604.8598530824,0.0391166136096244
"Female","Marathon",75,"eta","Low",50,0,12802.8431604039,12802.0382503303,0.00628735876189168
"Female","Marathon",76,"eta","Low",50,0,13018.1218846732,13020.7899934795,-0.0204911438372424
"Female","Marathon",77,"eta","Low",50,0,13257.9312216829,13263.7079017316,-0.0435525276301973
"Female","Marathon",78,"eta","Low",50,0,13515.2224096736,13523.8940061036,-0.0641205589613669
"Female","Marathon",79,"eta","Low",50,0,13804.4725003003,13816.1290167043,-0.0843689023886873
"Female","Marathon",80,"eta","Low",50,0,14325.7698555799,14342.5385767872,-0.116915991666711
"Female","Marathon",13,"eta","Current",50,1000,9272.56738891007,9272.56738891007,0
"Female","Marathon",14,"eta","Current",50,1000,9020.99781574172,9020.99781574172,0
"Female","Marathon",15,"eta","Current",50,1000,8881.87134547687,8881.87134547687,0
"Female","Marathon",16,"eta","Current",50,1000,8757.56388212368,8757.56388212368,0
"Female","Marathon",17,"eta","Current",50,1000,8638.92098200234,8638.92098200234,0
"Female","Marathon",18,"eta","Current",50,1000,8527.61356104197,8527.61356104197,0
"Female","Marathon",19,"eta","Current",50,1000,8424.38367613699,8424.38367613699,0
"Female","Marathon",20,"eta","Current",50,1000,8329.54822696153,8329.54822696153,0
"Female","Marathon",21,"eta","Current",50,1000,8243.43520444082,8243.43520444082,0
"Female","Marathon",22,"eta","Current",50,1000,8166.52366292063,8166.52366292063,0
"Female","Marathon",23,"eta","Current",50,1000,8099.63596837383,8099.63596837383,0
"Female","Marathon",24,"eta","Current",50,1000,8044.06875928441,8044.06875928441,0
"Female","Marathon",25,"eta","Current",50,1000,8001.6338881606,8001.6338881606,0
"Female","Marathon",26,"eta","Current",50,1000,7974.32958016269,7974.32958016269,0
"Female","Marathon",27,"eta","Current",50,1000,7962.94016701615,7962.94016701615,0
"Female","Marathon",28,"eta","Current",50,1000,7965.36700317162,7965.36700317162,0
"Female","Marathon",29,"eta","Current",50,1000,7978.65934408643,7978.65934408643,0
"Female","Marathon",30,"eta","Current",50,1000,8000.21202412347,8000.21202412347,0
"Female","Marathon",31,"eta","Current",50,1000,8027.73627843008,8027.73627843008,0
"Female","Marathon",32,"eta","Current",50,1000,8059.16804399542,8059.16804399542,0
"Female","Marathon",33,"eta","Current",50,1000,8092.82494178819,8092.82494178819,0
"Female","Marathon",34,"eta","Current",50,1000,8127.49630148007,8127.49630148007,0
"Female","Marathon",35,"eta","Current",50,1000,8162.41806718154,8162.41806718154,0
"Female","Marathon",36,"eta","Current",50,1000,8197.22628978286,8197.22628978286,0
"Female","Marathon",37,"eta","Current",50,1000,8231.86384838035,8231.86384838035,0
"Female","Marathon",38,"eta","Current",50,1000,8266.37015229759,8266.37015229759,0
"Female","Marathon",39,"eta","Current",50,1000,8300.97157862226,8300.97157862226,0
"Female","Marathon",40,"eta","Current",50,1000,8336.37076778034,8336.37076778034,0
"Female","Marathon",41,"eta","Current",50,1000,8373.79222824206,8373.79222824206,0
"Female","Marathon",42,"eta","Current",50,1000,8414.945464164,8414.945464164,0
"Female","Marathon",43,"eta","Current",50,1000,8461.96995138502,8461.96995138502,0
"Female","Marathon",44,"eta","Current",50,1000,8517.58250323055,8517.58250323055,0
"Female","Marathon",45,"eta","Current",50,1000,8585.07719934987,8585.07719934987,0
"Female","Marathon",46,"eta","Current",50,1000,8666.43090301502,8666.43090301502,0
"Female","Marathon",47,"eta","Current",50,1000,8759.4223171147,8759.4223171147,0
"Female","Marathon",48,"eta","Current",50,1000,8860.28755739416,8860.28755739416,0
"Female","Marathon",49,"eta","Current",50,1000,8965.62859456495,8965.62859456495,0
"Female","Marathon",50,"eta","Current",50,1000,9072.84294914714,9072.84294914714,0
"Female","Marathon",51,"eta","Current",50,1000,9180.01884442542,9180.01884442542,0
"Female","Marathon",52,"eta","Current",50,1000,9285.99836901352,9285.99836901352,0
"Female","Marathon",53,"eta","Current",50,1000,9389.96354138316,9389.96354138316,0
"Female","Marathon",54,"eta","Current",50,1000,9491.5502424555,9491.5502424555,0
"Female","Marathon",55,"eta","Current",50,1000,9590.90128481188,9590.90128481188,0
"Female","Marathon",56,"eta","Current",50,1000,9688.71170018258,9688.71170018258,0
"Female","Marathon",57,"eta","Current",50,1000,9786.66558732303,9786.66558732303,0
"Female","Marathon",58,"eta","Current",50,1000,9888.73553787745,9888.73553787745,0
"Female","Marathon",59,"eta","Current",50,1000,10000.6059128816,10000.6059128816,0
"Female","Marathon",60,"eta","Current",50,1000,10127.5407538464,10127.5407538464,0
"Female","Marathon",61,"eta","Current",50,1000,10271.5255091469,10271.5255091469,0
"Female","Marathon",62,"eta","Current",50,1000,10432.8710173941,10432.8710173941,0
"Female","Marathon",63,"eta","Current",50,1000,10609.889126705,10609.889126705,0
"Female","Marathon",64,"eta","Current",50,1000,10796.5088557333,10796.5088557333,0
"Female","Marathon",65,"eta","Current",50,1000,10986.1408106723,10986.1408106723,0
"Female","Marathon",66,"eta","Current",50,1000,11174.8817561643,11174.8817561643,0
"Female","Marathon",67,"eta","Current",50,1000,11361.1142547535,11361.1142547535,0
"Female","Marathon",68,"eta","Current",50,1000,11544.0584212165,11544.0584212165,0
"Female","Marathon",69,"eta","Current",50,1000,11723.5093404245,11723.5093404245,0
"Female","Marathon",70,"eta","Current",50,1000,11899.8081553948,11899.8081553948,0
"Female","Marathon",71,"eta","Current",50,1000,12073.8020496446,12073.8020496446,0
"Female","Marathon",72,"eta","Current",50,1000,12246.9273265986,12246.9273265986,0
"Female","Marathon",73,"eta","Current",50,1000,12422.1714997197,12422.1714997197,0
"Female","Marathon",74,"eta","Current",50,1000,12604.8598530824,12604.8598530824,0
"Female","Marathon",75,"eta","Current",50,1000,12802.0382503303,12802.0382503303,0
"Female","Marathon",76,"eta","Current",50,1000,13020.7899934795,13020.7899934795,0
"Female","Marathon",77,"eta","Current",50,1000,13263.7079017316,13263.7079017316,0
"Female","Marathon",78,"eta","Current",50,1000,13523.8940061036,13523.8940061036,0
"Female","Marathon",79,"eta","Current",50,1000,13816.1290167043,13816.1290167043,0
"Female","Marathon",80,"eta","Current",50,1000,14342.5385767872,14342.5385767872,0
"Female","Marathon",13,"eta","High",50,1e+06,9272.57682823593,9272.56738891007,0.000101798406615394
"Female","Marathon",14,"eta","High",50,1e+06,9021.00334804928,9020.99781574172,6.13270025873192e-05
"Female","Marathon",15,"eta","High",50,1e+06,8881.87461661207,8881.87134547687,3.68293468611114e-05
"Female","Marathon",16,"eta","High",50,1e+06,8757.56499084621,8757.56388212368,1.26601707339802e-05
"Female","Marathon",17,"eta","High",50,1e+06,8638.91982441068,8638.92098200234,-1.33997250184592e-05
"Female","Marathon",18,"eta","High",50,1e+06,8527.61002429981,8527.61356104197,-4.14739965370892e-05
"Female","Marathon",19,"eta","High",50,1e+06,8424.37769827952,8424.38367613699,-7.0958988751535e-05
"Female","Marathon",20,"eta","High",50,1e+06,8329.53982959942,8329.54822696153,-0.000100814136427818
"Female","Marathon",21,"eta","High",50,1e+06,8243.42450802989,8243.43520444082,-0.000129756717504037
"Female","Marathon",22,"eta","High",50,1e+06,8166.51090367249,8166.52366292063,-0.000156238427340138
"Female","Marathon",23,"eta","High",50,1e+06,8099.62151974048,8099.63596837383,-0.000178386206606262
"Female","Marathon",24,"eta","High",50,1e+06,8044.05315752436,8044.06875928441,-0.000193953588789597
"Female","Marathon",25,"eta","High",50,1e+06,8001.61786121367,8001.6338881606,-0.000200295928942662
"Female","Marathon",26,"eta","High",50,1e+06,7974.31412130517,7974.32958016269,-0.000193857770214301
"Female","Marathon",27,"eta","High",50,1e+06,7962.92690723228,7962.94016701615,-0.000166518692801265
"Female","Marathon",28,"eta","High",50,1e+06,7965.35900770941,7965.36700317162,-0.000100377825740239
"Female","Marathon",29,"eta","High",50,1e+06,7978.66147783234,7978.65934408643,2.67431634615178e-05
"Female","Marathon",30,"eta","High",50,1e+06,8000.23100707608,8000.21202412347,0.000237280619042046
"Female","Marathon",31,"eta","High",50,1e+06,8027.78067684995,8027.73627843008,0.000553062760544343
"Female","Marathon",32,"eta","High",50,1e+06,8059.24822621564,8059.16804399542,0.000994919323926702
"Female","Marathon",33,"eta","High",50,1e+06,8092.9529813819,8092.82494178819,0.00158213719720912
"Female","Marathon",34,"eta","High",50,1e+06,8127.68580687015,8127.49630148007,0.00233165765999299
"Female","Marathon",35,"eta","High",50,1e+06,8162.6910372016,8162.41806718154,0.00334422983248039
"Female","Marathon",36,"eta","High",50,1e+06,8197.65872455059,8197.22628978286,0.00527537916419352
"Female","Marathon",37,"eta","High",50,1e+06,8232.62611449443,8231.86384838035,0.00925994559815013
"Female","Marathon",38,"eta","High",50,1e+06,8267.59331507367,8266.37015229759,0.0147968546477806
"Female","Marathon",39,"eta","High",50,1e+06,8302.70181829961,8300.97157862226,0.0208438212438766
"Female","Marathon",40,"eta","High",50,1e+06,8338.6194149495,8336.37076778034,0.0269739342430242
"Female","Marathon",41,"eta","High",50,1e+06,8376.55897626105,8373.79222824206,0.0330405620724505
"Female","Marathon",42,"eta","High",50,1e+06,8418.2170855038,8414.945464164,0.038878699258782
"Female","Marathon",43,"eta","High",50,1e+06,8465.71470810345,8461.96995138502,0.0442539590657098
"Female","Marathon",44,"eta","High",50,1e+06,8521.74354833232,8517.58250323055,0.048852419101264
"Female","Marathon",45,"eta","High",50,1e+06,8589.5527113587,8585.07719934987,0.0521312960256815
"Female","Marathon",46,"eta","High",50,1e+06,8670.96712411129,8666.43090301502,0.052342436546593
"Female","Marathon",47,"eta","High",50,1e+06,8763.38279397967,8759.4223171147,0.0452139047712574
"Female","Marathon",48,"eta","High",50,1e+06,8862.54578079271,8860.28755739416,0.0254870215432579
"Female","Marathon",49,"eta","High",50,1e+06,8964.6356125924,8965.62859456495,-0.0110754305966854
"Female","Marathon",50,"eta","High",50,1e+06,9067.267603967,9072.84294914714,-0.061450916888961
"Female","Marathon",51,"eta","High",50,1e+06,9169.89800560451,9180.01884442542,-0.110248562583981
"Female","Marathon",52,"eta","High",50,1e+06,9272.52533846192,9285.99836901352,-0.145089736355741
"Female","Marathon",53,"eta","High",50,1e+06,9375.14831851886,9389.96354138316,-0.15777721392638
"Female","Marathon",54,"eta","High",50,1e+06,9477.76642471419,9491.5502424555,-0.145221985757948
"Female","Marathon",55,"eta","High",50,1e+06,9580.38006842806,9590.90128481188,-0.109699975751754
"Female","Marathon",56,"eta","High",50,1e+06,9682.98996982249,9688.71170018258,-0.0590556364679973
"Female","Marathon",57,"eta","High",50,1e+06,9785.59916229452,9786.66558732303,-0.0108967147083416
"Female","Marathon",58,"eta","High",50,1e+06,9890.97641278758,9888.73553787745,0.0226608842106568
"Female","Marathon",59,"eta","High",50,1e+06,10004.5815920875,10000.6059128816,0.0397543832898029
"Female","Marathon",60,"eta","High",50,1e+06,10131.7260132096,10127.5407538464,0.0413255247738054
"Female","Marathon",61,"eta","High",50,1e+06,10274.278132034,10271.5255091469,0.0267985790882497
"Female","Marathon",62,"eta","High",50,1e+06,10432.338303009,10432.8710173941,-0.00510611493520496
"Female","Marathon",63,"eta","High",50,1e+06,10604.0043576471,10609.889126705,-0.0554649439560961
"Female","Marathon",64,"eta","High",50,1e+06,10783.1353407983,10796.5088557333,-0.12386888311533
"Female","Marathon",65,"eta","High",50,1e+06,10963.9363344366,10986.1408106723,-0.202113523013558
"Female","Marathon",66,"eta","High",50,1e+06,11144.7343882082,11174.8817561643,-0.269777959301276
"Female","Marathon",67,"eta","High",50,1e+06,11325.5272934247,11361.1142547535,-0.313234780769034
"Female","Marathon",68,"eta","High",50,1e+06,11506.3138764634,11544.0584212165,-0.32696079122162
"Female","Marathon",69,"eta","High",50,1e+06,11687.093843781,11723.5093404245,-0.310619419374436
"Female","Marathon",70,"eta","High",50,1e+06,11867.8677776638,11899.8081553948,-0.268410862712254
"Female","Marathon",71,"eta","High",50,1e+06,12048.6370540673,12073.8020496446,-0.208426438281406
"Female","Marathon",72,"eta","High",50,1e+06,12229.4037791544,12246.9273265986,-0.143085257035691
"Female","Marathon",73,"eta","High",50,1e+06,12411.4239133998,12422.1714997197,-0.0865193844741707
"Female","Marathon",74,"eta","High",50,1e+06,12599.5663156739,12604.8598530824,-0.0419960036853739
"Female","Marathon",75,"eta","High",50,1e+06,12801.1427789059,12802.0382503303,-0.00699475667007565
"Female","Marathon",76,"eta","High",50,1e+06,13023.6007971433,13020.7899934795,0.0215870439899124
"Female","Marathon",77,"eta","High",50,1e+06,13269.8377286178,13263.7079017316,0.0462150322644073
"Female","Marathon",78,"eta","High",50,1e+06,13533.1153709413,13523.8940061036,0.0681857224956506
"Female","Marathon",79,"eta","High",50,1e+06,13828.5384216072,13816.1290167043,0.0898182471220199
"Female","Marathon",80,"eta","High",50,1e+06,14360.4084857843,14342.5385767872,0.124593766309311
"Male","5 km",13,"rho","Low",1,1000,920.086871847049,875.821156526883,5.05419570996719
"Male","5 km",14,"rho","Low",1,1000,883.032375882471,837.356130111755,5.45481714746863
"Male","5 km",15,"rho","Low",1,1000,862.976748780496,817.319221375485,5.58625396429229
"Male","5 km",16,"rho","Low",1,1000,845.735802097312,801.331216726755,5.5413522453224
"Male","5 km",17,"rho","Low",1,1000,830.312594383187,788.701481299124,5.27590147485488
"Male","5 km",18,"rho","Low",1,1000,817.16613747642,779.554059893028,4.82481966530368
"Male","5 km",19,"rho","Low",1,1000,806.523418841549,773.607671114732,4.25483729748786
"Male","5 km",20,"rho","Low",1,1000,798.394078893435,770.530416607245,3.61616643362095
"Male","5 km",21,"rho","Low",1,1000,792.605828494154,769.909288773107,2.94794984967846
"Male","5 km",22,"rho","Low",1,1000,788.849362431761,771.133832281947,2.29733535324086
"Male","5 km",23,"rho","Low",1,1000,786.770207257753,773.586508074034,1.7042307545593
"Male","5 km",24,"rho","Low",1,1000,786.032341980996,776.766859815917,1.19282665680089
"Male","5 km",25,"rho","Low",1,1000,786.35011927473,780.308474182902,0.7742636779839
"Male","5 km",26,"rho","Low",1,1000,787.476632947757,783.943029811005,0.450747439849519
"Male","5 km",27,"rho","Low",1,1000,789.197212057045,787.473688757768,0.218867414096757
"Male","5 km",28,"rho","Low",1,1000,791.332202191138,790.762166711688,0.0720868427254828
"Male","5 km",29,"rho","Low",1,1000,793.734746042306,793.715115350063,0.00247326677584869
"Male","5 km",30,"rho","Low",1,1000,796.29371764283,796.279736423847,0.00175581750272435
"Male","5 km",31,"rho","Low",1,1000,798.946193858858,798.452692009313,0.0618072748059362
"Male","5 km",32,"rho","Low",1,1000,801.677216928023,800.279707614208,0.174627608387223
"Male","5 km",33,"rho","Low",1,1000,804.498388360155,801.837036414063,0.33190683707931
"Male","5 km",34,"rho","Low",1,1000,807.445012228111,803.23214277102,0.524489650346616
"Male","5 km",35,"rho","Low",1,1000,810.569327373535,804.590859860748,0.743044423077577
"Male","5 km",36,"rho","Low",1,1000,813.917643849499,806.02432239192,0.979290728368465
"Male","5 km",37,"rho","Low",1,1000,817.542142076078,807.671411340435,1.22212209037604
"Male","5 km",38,"rho","Low",1,1000,821.538688093785,809.76217800873,1.45431713222444
"Male","5 km",39,"rho","Low",1,1000,826.043946252832,812.623704232548,1.6514706561455
"Male","5 km",40,"rho","Low",1,1000,831.176614151974,816.595713202841,1.78557157641002
"Male","5 km",41,"rho","Low",1,1000,836.988535547847,821.91365654613,1.83411954305097
"Male","5 km",42,"rho","Low",1,1000,843.449875548594,828.580324780332,1.79458168671862
"Male","5 km",43,"rho","Low",1,1000,850.443587899833,836.156540433226,1.70865702482039
"Male","5 km",44,"rho","Low",1,1000,857.791766263526,844.078058202751,1.62469666490019
"Male","5 km",45,"rho","Low",1,1000,865.303664092884,851.977045858977,1.56419921154929
"Male","5 km",46,"rho","Low",1,1000,872.850818708456,859.769706724814,1.52146695578208
"Male","5 km",47,"rho","Low",1,1000,880.385716479432,867.421934610153,1.49451856726506
"Male","5 km",48,"rho","Low",1,1000,887.905901417355,874.915414392933,1.48477062019015
"Male","5 km",49,"rho","Low",1,1000,895.41547260085,882.249596912826,1.49230736223562
"Male","5 km",50,"rho","Low",1,1000,902.922691365888,889.43732020088,1.51616880231229
"Male","5 km",51,"rho","Low",1,1000,910.452553376451,896.50389307622,1.55589511746212
"Male","5 km",52,"rho","Low",1,1000,918.031610414961,903.479809694996,1.61063928200869
"Male","5 km",53,"rho","Low",1,1000,925.683609989757,910.419677993649,1.67658195061711
"Male","5 km",54,"rho","Low",1,1000,933.437045581569,917.4974765207,1.73728750964137
"Male","5 km",55,"rho","Low",1,1000,941.265517901178,924.830437756304,1.77709118060017
"Male","5 km",56,"rho","Low",1,1000,949.096522742357,932.254334884196,1.80660869335119
"Male","5 km",57,"rho","Low",1,1000,956.893909720382,939.628419805787,1.83748059878432
"Male","5 km",58,"rho","Low",1,1000,964.638956773169,946.914408824324,1.87182154835428
"Male","5 km",59,"rho","Low",1,1000,972.329892056376,954.110647241411,1.90955261506014
"Male","5 km",60,"rho","Low",1,1000,980.010693362792,961.288252886882,1.94764061868891
"Male","5 km",61,"rho","Low",1,1000,987.842960166279,968.755511590433,1.97030606251829
"Male","5 km",62,"rho","Low",1,1000,996.007944765156,976.8173213358,1.96460720036298
"Male","5 km",63,"rho","Low",1,1000,1004.60506207318,985.408620865942,1.94806913606731
"Male","5 km",64,"rho","Low",1,1000,1013.64825901294,994.312572771738,1.94462855752702
"Male","5 km",65,"rho","Low",1,1000,1023.11344144849,1003.37110507386,1.96760064893189
"Male","5 km",66,"rho","Low",1,1000,1033.05404315242,1012.62506847819,2.01742730949053
"Male","5 km",67,"rho","Low",1,1000,1043.62925468701,1022.32525369933,2.08387701571393
"Male","5 km",68,"rho","Low",1,1000,1055.03340929853,1032.72742384414,2.15991024731024
"Male","5 km",69,"rho","Low",1,1000,1067.40900429336,1043.81288510119,2.26056983286598
"Male","5 km",70,"rho","Low",1,1000,1080.86141166944,1055.5075861938,2.402050521216
"Male","5 km",71,"rho","Low",1,1000,1095.46030405657,1067.83043455155,2.58747724460786
"Male","5 km",72,"rho","Low",1,1000,1111.29483703346,1080.97934822306,2.80444662150479
"Male","5 km",73,"rho","Low",1,1000,1128.53134733179,1095.40295157252,3.02431134695298
"Male","5 km",74,"rho","Low",1,1000,1147.33817882774,1111.74159691109,3.2018755091608
"Male","5 km",75,"rho","Low",1,1000,1167.79705564162,1130.70679029143,3.28027262847053
"Male","5 km",76,"rho","Low",1,1000,1189.88762744521,1152.74004728201,3.22254616301281
"Male","5 km",77,"rho","Low",1,1000,1213.43378040298,1177.48214442784,3.05326379217523
"Male","5 km",78,"rho","Low",1,1000,1238.1482258649,1204.29288210512,2.81122177693205
"Male","5 km",79,"rho","Low",1,1000,1265.81437197609,1234.95025704975,2.49921928030341
"Male","5 km",80,"rho","Low",1,1000,1315.56556731965,1290.80569447314,1.91817195667159
"Male","5 km",13,"rho","Current",50,1000,875.821156526883,875.821156526883,0
"Male","5 km",14,"rho","Current",50,1000,837.356130111755,837.356130111755,0
"Male","5 km",15,"rho","Current",50,1000,817.319221375485,817.319221375485,0
"Male","5 km",16,"rho","Current",50,1000,801.331216726755,801.331216726755,0
"Male","5 km",17,"rho","Current",50,1000,788.701481299124,788.701481299124,0
"Male","5 km",18,"rho","Current",50,1000,779.554059893028,779.554059893028,0
"Male","5 km",19,"rho","Current",50,1000,773.607671114732,773.607671114732,0
"Male","5 km",20,"rho","Current",50,1000,770.530416607245,770.530416607245,0
"Male","5 km",21,"rho","Current",50,1000,769.909288773107,769.909288773107,0
"Male","5 km",22,"rho","Current",50,1000,771.133832281947,771.133832281947,0
"Male","5 km",23,"rho","Current",50,1000,773.586508074034,773.586508074034,0
"Male","5 km",24,"rho","Current",50,1000,776.766859815917,776.766859815917,0
"Male","5 km",25,"rho","Current",50,1000,780.308474182902,780.308474182902,0
"Male","5 km",26,"rho","Current",50,1000,783.943029811005,783.943029811005,0
"Male","5 km",27,"rho","Current",50,1000,787.473688757768,787.473688757768,0
"Male","5 km",28,"rho","Current",50,1000,790.762166711688,790.762166711688,0
"Male","5 km",29,"rho","Current",50,1000,793.715115350063,793.715115350063,0
"Male","5 km",30,"rho","Current",50,1000,796.279736423847,796.279736423847,0
"Male","5 km",31,"rho","Current",50,1000,798.452692009313,798.452692009313,0
"Male","5 km",32,"rho","Current",50,1000,800.279707614208,800.279707614208,0
"Male","5 km",33,"rho","Current",50,1000,801.837036414063,801.837036414063,0
"Male","5 km",34,"rho","Current",50,1000,803.23214277102,803.23214277102,0
"Male","5 km",35,"rho","Current",50,1000,804.590859860748,804.590859860748,0
"Male","5 km",36,"rho","Current",50,1000,806.02432239192,806.02432239192,0
"Male","5 km",37,"rho","Current",50,1000,807.671411340435,807.671411340435,0
"Male","5 km",38,"rho","Current",50,1000,809.76217800873,809.76217800873,0
"Male","5 km",39,"rho","Current",50,1000,812.623704232548,812.623704232548,0
"Male","5 km",40,"rho","Current",50,1000,816.595713202841,816.595713202841,0
"Male","5 km",41,"rho","Current",50,1000,821.91365654613,821.91365654613,0
"Male","5 km",42,"rho","Current",50,1000,828.580324780332,828.580324780332,0
"Male","5 km",43,"rho","Current",50,1000,836.156540433226,836.156540433226,0
"Male","5 km",44,"rho","Current",50,1000,844.078058202751,844.078058202751,0
"Male","5 km",45,"rho","Current",50,1000,851.977045858977,851.977045858977,0
"Male","5 km",46,"rho","Current",50,1000,859.769706724814,859.769706724814,0
"Male","5 km",47,"rho","Current",50,1000,867.421934610153,867.421934610153,0
"Male","5 km",48,"rho","Current",50,1000,874.915414392933,874.915414392933,0
"Male","5 km",49,"rho","Current",50,1000,882.249596912826,882.249596912826,0
"Male","5 km",50,"rho","Current",50,1000,889.43732020088,889.43732020088,0
"Male","5 km",51,"rho","Current",50,1000,896.50389307622,896.50389307622,0
"Male","5 km",52,"rho","Current",50,1000,903.479809694996,903.479809694996,0
"Male","5 km",53,"rho","Current",50,1000,910.419677993649,910.419677993649,0
"Male","5 km",54,"rho","Current",50,1000,917.4974765207,917.4974765207,0
"Male","5 km",55,"rho","Current",50,1000,924.830437756304,924.830437756304,0
"Male","5 km",56,"rho","Current",50,1000,932.254334884196,932.254334884196,0
"Male","5 km",57,"rho","Current",50,1000,939.628419805787,939.628419805787,0
"Male","5 km",58,"rho","Current",50,1000,946.914408824324,946.914408824324,0
"Male","5 km",59,"rho","Current",50,1000,954.110647241411,954.110647241411,0
"Male","5 km",60,"rho","Current",50,1000,961.288252886882,961.288252886882,0
"Male","5 km",61,"rho","Current",50,1000,968.755511590433,968.755511590433,0
"Male","5 km",62,"rho","Current",50,1000,976.8173213358,976.8173213358,0
"Male","5 km",63,"rho","Current",50,1000,985.408620865942,985.408620865942,0
"Male","5 km",64,"rho","Current",50,1000,994.312572771738,994.312572771738,0
"Male","5 km",65,"rho","Current",50,1000,1003.37110507386,1003.37110507386,0
"Male","5 km",66,"rho","Current",50,1000,1012.62506847819,1012.62506847819,0
"Male","5 km",67,"rho","Current",50,1000,1022.32525369933,1022.32525369933,0
"Male","5 km",68,"rho","Current",50,1000,1032.72742384414,1032.72742384414,0
"Male","5 km",69,"rho","Current",50,1000,1043.81288510119,1043.81288510119,0
"Male","5 km",70,"rho","Current",50,1000,1055.5075861938,1055.5075861938,0
"Male","5 km",71,"rho","Current",50,1000,1067.83043455155,1067.83043455155,0
"Male","5 km",72,"rho","Current",50,1000,1080.97934822306,1080.97934822306,0
"Male","5 km",73,"rho","Current",50,1000,1095.40295157252,1095.40295157252,0
"Male","5 km",74,"rho","Current",50,1000,1111.74159691109,1111.74159691109,0
"Male","5 km",75,"rho","Current",50,1000,1130.70679029143,1130.70679029143,0
"Male","5 km",76,"rho","Current",50,1000,1152.74004728201,1152.74004728201,0
"Male","5 km",77,"rho","Current",50,1000,1177.48214442784,1177.48214442784,0
"Male","5 km",78,"rho","Current",50,1000,1204.29288210512,1204.29288210512,0
"Male","5 km",79,"rho","Current",50,1000,1234.95025704975,1234.95025704975,0
"Male","5 km",80,"rho","Current",50,1000,1290.80569447314,1290.80569447314,0
"Male","5 km",13,"rho","High",1000,1000,867.629965898757,875.821156526883,-0.935258364916458
"Male","5 km",14,"rho","High",1000,1000,829.992430766283,837.356130111755,-0.879398750504057
"Male","5 km",15,"rho","High",1000,1000,810.571446293079,817.319221375485,-0.825598481710743
"Male","5 km",16,"rho","High",1000,1000,795.369288137677,801.331216726755,-0.74400303702522
"Male","5 km",17,"rho","High",1000,1000,783.778742112713,788.701481299124,-0.624157466815245
"Male","5 km",18,"rho","High",1000,1000,775.823244568689,779.554059893028,-0.478583271678568
"Male","5 km",19,"rho","High",1000,1000,771.069846121647,773.607671114732,-0.328050649940947
"Male","5 km",20,"rho","High",1000,1000,769.052090039174,770.530416607245,-0.191858301269932
"Male","5 km",21,"rho","High",1000,1000,769.270424189712,769.909288773107,-0.0829792019281461
"Male","5 km",22,"rho","High",1000,1000,771.109266165239,771.133832281947,-0.00318571377355692
"Male","5 km",23,"rho","High",1000,1000,773.982287145798,773.586508074034,0.0511615789097863
"Male","5 km",24,"rho","High",1000,1000,777.424783060669,776.766859815917,0.0847002207211123
"Male","5 km",25,"rho","High",1000,1000,781.103948997038,780.308474182902,0.101943633890289
"Male","5 km",26,"rho","High",1000,1000,784.781219879069,783.943029811005,0.10691976791557
"Male","5 km",27,"rho","High",1000,1000,788.284740317776,787.473688757768,0.102994115433508
"Male","5 km",28,"rho","High",1000,1000,791.496115830334,790.762166711688,0.0928154063943643
"Male","5 km",29,"rho","High",1000,1000,794.336923365532,793.715115350063,0.0783414607386845
"Male","5 km",30,"rho","High",1000,1000,796.764776146106,796.279736423847,0.0609132318797778
"Male","5 km",31,"rho","High",1000,1000,798.782913053803,798.452692009313,0.0413576217846323
"Male","5 km",32,"rho","High",1000,1000,800.440642763936,800.279707614208,0.0201098626138707
"Male","5 km",33,"rho","High",1000,1000,801.815768051594,801.837036414063,-0.00265245448930473
"Male","5 km",34,"rho","High",1000,1000,803.015594283387,803.23214277102,-0.0269596392003413
"Male","5 km",35,"rho","High",1000,1000,804.160117831093,804.590859860748,-0.0535355360275713
"Male","5 km",36,"rho","High",1000,1000,805.342893890629,806.02432239192,-0.0845419278748705
"Male","5 km",37,"rho","High",1000,1000,806.682153888725,807.671411340435,-0.122482662852652
"Male","5 km",38,"rho","High",1000,1000,808.390947434539,809.76217800873,-0.169337443934858
"Male","5 km",39,"rho","High",1000,1000,810.790996820686,812.623704232548,-0.225529651955336
"Male","5 km",40,"rho","High",1000,1000,814.267843690831,816.595713202841,-0.285070013762356
"Male","5 km",41,"rho","High",1000,1000,819.199895998911,821.91365654613,-0.330175867696647
"Male","5 km",42,"rho","High",1000,1000,825.710605383188,828.580324780332,-0.346341725879762
"Male","5 km",43,"rho","High",1000,1000,833.324243980076,836.156540433226,-0.338728015173129
"Male","5 km",44,"rho","High",1000,1000,841.373714292746,844.078058202751,-0.320390262929382
"Male","5 km",45,"rho","High",1000,1000,849.407082973919,851.977045858977,-0.301646963090008
"Male","5 km",46,"rho","High",1000,1000,857.323058801155,859.769706724814,-0.284570147624641
"Male","5 km",47,"rho","High",1000,1000,865.081646548684,867.421934610153,-0.269798118780751
"Male","5 km",48,"rho","High",1000,1000,872.658577270057,874.915414392933,-0.257949178372019
"Male","5 km",49,"rho","High",1000,1000,880.049720869318,882.249596912826,-0.249348489498391
"Male","5 km",50,"rho","High",1000,1000,887.266252479824,889.43732020088,-0.244094515908699
"Male","5 km",51,"rho","High",1000,1000,894.33353079403,896.50389307622,-0.242091785540677
"Male","5 km",52,"rho","High",1000,1000,901.285469842759,903.479809694996,-0.242876468150099
"Male","5 km",53,"rho","High",1000,1000,908.174257323622,910.419677993649,-0.246635779553361
"Male","5 km",54,"rho","High",1000,1000,915.160161589211,917.4974765207,-0.254748922073578
"Male","5 km",55,"rho","High",1000,1000,922.41684256631,924.830437756304,-0.260977049571298
"Male","5 km",56,"rho","High",1000,1000,929.790306864066,932.254334884196,-0.264308561293569
"Male","5 km",57,"rho","High",1000,1000,937.117922620697,939.628419805787,-0.267179784282023
"Male","5 km",58,"rho","High",1000,1000,944.358281577175,946.914408824324,-0.269942797715239
"Male","5 km",59,"rho","High",1000,1000,951.510221210014,954.110647241411,-0.272549734028738
"Male","5 km",60,"rho","High",1000,1000,958.655266550416,961.288252886882,-0.273901852910308
"Male","5 km",61,"rho","High",1000,1000,966.162154852071,968.755511590433,-0.267699817687195
"Male","5 km",62,"rho","High",1000,1000,974.367435546967,976.8173213358,-0.250802861018395
"Male","5 km",63,"rho","High",1000,1000,983.156949684938,985.408620865942,-0.228501266715697
"Male","5 km",64,"rho","High",1000,1000,992.240462058161,994.312572771738,-0.208396310206715
"Male","5 km",65,"rho","High",1000,1000,1001.39593114381,1003.37110507386,-0.19685377823504
"Male","5 km",66,"rho","High",1000,1000,1010.61335980946,1012.62506847819,-0.198662736224409
"Male","5 km",67,"rho","High",1000,1000,1020.10660427269,1022.32525369933,-0.217019917937356
"Male","5 km",68,"rho","High",1000,1000,1030.11775235477,1032.72742384414,-0.2526970262543
"Male","5 km",69,"rho","High",1000,1000,1040.65193108034,1043.81288510119,-0.30282764909062
"Male","5 km",70,"rho","High",1000,1000,1051.68588503426,1055.5075861938,-0.36207235357969
"Male","5 km",71,"rho","High",1000,1000,1063.31059133218,1067.83043455155,-0.4232734967203
"Male","5 km",72,"rho","High",1000,1000,1075.81999920294,1080.97934822306,-0.477284698232061
"Male","5 km",73,"rho","High",1000,1000,1089.78688865287,1095.40295157252,-0.512693791045948
"Male","5 km",74,"rho","High",1000,1000,1106.00763003199,1111.74159691109,-0.515764355227744
"Male","5 km",75,"rho","High",1000,1000,1125.36873518963,1130.70679029143,-0.472098969213774
"Male","5 km",76,"rho","High",1000,1000,1148.39825858984,1152.74004728201,-0.376649419130259
"Male","5 km",77,"rho","High",1000,1000,1174.57835578677,1177.48214442784,-0.246609993604807
"Male","5 km",78,"rho","High",1000,1000,1203.02061200054,1204.29288210512,-0.105644575624586
"Male","5 km",79,"rho","High",1000,1000,1235.44958761392,1234.95025704975,0.0404332531871443
"Male","5 km",80,"rho","High",1000,1000,1294.35117854648,1290.80569447314,0.274672174790913
"Male","5 km",13,"eta","Low",50,0,875.82131478181,875.821156526883,1.80693200624304e-05
"Male","5 km",14,"eta","Low",50,0,837.355876583063,837.356130111755,-3.02772838245424e-05
"Male","5 km",15,"eta","Low",50,0,817.318733247271,817.319221375485,-5.97230801924198e-05
"Male","5 km",16,"eta","Low",50,0,801.33051764391,801.331216726755,-8.72401861307104e-05
"Male","5 km",17,"eta","Low",50,0,788.700634578841,788.701481299124,-0.000107356243506107
"Male","5 km",18,"eta","Low",50,0,779.553297731792,779.554059893028,-9.77688751735428e-05
"Male","5 km",19,"eta","Low",50,0,773.607446968582,773.607671114732,-2.89741375003594e-05
"Male","5 km",20,"eta","Low",50,0,770.531406536253,770.530416607245,0.000128473709382071
"Male","5 km",21,"eta","Low",50,0,769.912324069414,769.909288773107,0.00039424076989647
"Male","5 km",22,"eta","Low",50,0,771.139739981575,771.133832281947,0.000766105620209068
"Male","5 km",23,"eta","Low",50,0,773.596022900635,773.586508074034,0.00122996284208643
"Male","5 km",24,"eta","Low",50,0,776.780577309701,776.766859815917,0.00176597309882176
"Male","5 km",25,"eta","Low",50,0,780.326789997447,780.308474182902,0.00234725306091921
"Male","5 km",26,"eta","Low",50,0,783.966053162019,783.943029811005,0.00293686532550907
"Male","5 km",27,"eta","Low",50,0,787.501127731505,787.473688757768,0.00348443054398739
"Male","5 km",28,"eta","Low",50,0,790.793184989378,790.762166711688,0.00392257988508504
"Male","5 km",29,"eta","Low",50,0,793.748162471139,793.715115350063,0.00416359981525449
"Male","5 km",30,"eta","Low",50,0,796.312357168096,796.279736423847,0.00409664377445385
"Male","5 km",31,"eta","Low",50,0,798.481324984595,798.452692009313,0.00358605783024046
"Male","5 km",32,"eta","Low",50,0,800.29948881313,800.279707614208,0.00247178564374284
"Male","5 km",33,"eta","Low",50,0,801.841630405633,801.837036414063,0.000572933322073865
"Male","5 km",34,"eta","Low",50,0,803.213788402662,803.23214277102,-0.00228506397850214
"Male","5 km",35,"eta","Low",50,0,804.541606726172,804.590859860748,-0.00612151306124131
"Male","5 km",36,"eta","Low",50,0,805.938972370983,806.02432239192,-0.0105890130813857
"Male","5 km",37,"eta","Low",50,0,807.549086243645,807.671411340435,-0.015145403820449
"Male","5 km",38,"eta","Low",50,0,809.607010925053,809.76217800873,-0.0191620562050243
"Male","5 km",39,"eta","Low",50,0,812.447097640485,812.623704232548,-0.0217328870845246
"Male","5 km",40,"eta","Low",50,0,816.429302963307,816.595713202841,-0.0203785345482932
"Male","5 km",41,"eta","Low",50,0,821.838033540457,821.91365654613,-0.00920084549886901
"Male","5 km",42,"eta","Low",50,0,828.743071163316,828.580324780332,0.0196415939549555
"Male","5 km",43,"eta","Low",50,0,836.78156469491,836.156540433226,0.0747496708404238
"Male","5 km",44,"eta","Low",50,0,845.427332977118,844.078058202751,0.159851895361407
"Male","5 km",45,"eta","Low",50,0,854.199939687221,851.977045858977,0.260910060787256
"Male","5 km",46,"eta","Low",50,0,862.743259764012,859.769706724814,0.345854595241035
"Male","5 km",47,"eta","Low",50,0,870.828510340054,867.421934610153,0.392724185771387
"Male","5 km",48,"eta","Low",50,0,878.35949089735,874.915414392933,0.393646796908453
"Male","5 km",49,"eta","Low",50,0,885.344128296512,882.249596912826,0.350754638428197
"Male","5 km",50,"eta","Low",50,0,891.870483958607,889.43732020088,0.27356213894616
"Male","5 km",51,"eta","Low",50,0,898.092431530859,896.50389307622,0.177192588555108
"Male","5 km",52,"eta","Low",50,0,904.220318223686,903.479809694996,0.0819618236892916
"Male","5 km",53,"eta","Low",50,0,910.530424923721,910.419677993649,0.0121643822896811
"Male","5 km",54,"eta","Low",50,0,917.333511050556,917.4974765207,-0.0178709450804226
"Male","5 km",55,"eta","Low",50,0,924.733481767072,924.830437756304,-0.010483650329185
"Male","5 km",56,"eta","Low",50,0,932.450203413833,932.254334884196,0.021010203150329
"Male","5 km",57,"eta","Low",50,0,940.097833726605,939.628419805787,0.0499573992147617
"Male","5 km",58,"eta","Low",50,0,947.423553768451,946.914408824324,0.0537688453551732
"Male","5 km",59,"eta","Low",50,0,954.422499301476,954.110647241411,0.0326851042871112
"Male","5 km",60,"eta","Low",50,0,961.364031540328,961.288252886882,0.00788303125713874
"Male","5 km",61,"eta","Low",50,0,968.671074352807,968.755511590433,-0.00871605235951423
"Male","5 km",62,"eta","Low",50,0,976.649798996033,976.8173213358,-0.0171498125706826
"Male","5 km",63,"eta","Low",50,0,985.214724993818,985.408620865942,-0.0196766973637463
"Male","5 km",64,"eta","Low",50,0,994.132035856867,994.312572771738,-0.0181569578636798
"Male","5 km",65,"eta","Low",50,0,1003.22852774416,1003.37110507386,-0.0142098301399107
"Male","5 km",66,"eta","Low",50,0,1012.53099651241,1012.62506847819,-0.00928991081837749
"Male","5 km",67,"eta","Low",50,0,1022.27745368819,1022.32525369933,-0.00467561678256789
"Male","5 km",68,"eta","Low",50,0,1032.71472852136,1032.72742384414,-0.00122930044116343
"Male","5 km",69,"eta","Low",50,0,1043.82283408352,1043.81288510119,0.000953138485981775
"Male","5 km",70,"eta","Low",50,0,1055.52978405577,1055.5075861938,0.00210305091634666
"Male","5 km",71,"eta","Low",50,0,1067.85691690226,1067.83043455155,0.00248001460272373
"Male","5 km",72,"eta","Low",50,0,1081.00445957247,1080.97934822306,0.00232301842351124
"Male","5 km",73,"eta","Low",50,0,1095.42319161214,1095.40295157252,0.00184772549565171
"Male","5 km",74,"eta","Low",50,0,1111.7554708731,1111.74159691109,0.00124794844764686
"Male","5 km",75,"eta","Low",50,0,1130.71461898051,1130.70679029143,0.000692371280552884
"Male","5 km",76,"eta","Low",50,0,1152.7433469619,1152.74004728201,0.000286246660907707
"Male","5 km",77,"eta","Low",50,0,1177.4823760718,1177.48214442784,1.96728214829633e-05
"Male","5 km",78,"eta","Low",50,0,1204.29091175118,1204.29288210512,-0.000163610859904573
"Male","5 km",79,"eta","Low",50,0,1234.94627497027,1234.95025704975,-0.000322448572853684
"Male","5 km",80,"eta","Low",50,0,1290.79840458456,1290.80569447314,-0.000564754913601195
"Male","5 km",13,"eta","Current",50,1000,875.821156526883,875.821156526883,0
"Male","5 km",14,"eta","Current",50,1000,837.356130111755,837.356130111755,0
"Male","5 km",15,"eta","Current",50,1000,817.319221375485,817.319221375485,0
"Male","5 km",16,"eta","Current",50,1000,801.331216726755,801.331216726755,0
"Male","5 km",17,"eta","Current",50,1000,788.701481299124,788.701481299124,0
"Male","5 km",18,"eta","Current",50,1000,779.554059893028,779.554059893028,0
"Male","5 km",19,"eta","Current",50,1000,773.607671114732,773.607671114732,0
"Male","5 km",20,"eta","Current",50,1000,770.530416607245,770.530416607245,0
"Male","5 km",21,"eta","Current",50,1000,769.909288773107,769.909288773107,0
"Male","5 km",22,"eta","Current",50,1000,771.133832281947,771.133832281947,0
"Male","5 km",23,"eta","Current",50,1000,773.586508074034,773.586508074034,0
"Male","5 km",24,"eta","Current",50,1000,776.766859815917,776.766859815917,0
"Male","5 km",25,"eta","Current",50,1000,780.308474182902,780.308474182902,0
"Male","5 km",26,"eta","Current",50,1000,783.943029811005,783.943029811005,0
"Male","5 km",27,"eta","Current",50,1000,787.473688757768,787.473688757768,0
"Male","5 km",28,"eta","Current",50,1000,790.762166711688,790.762166711688,0
"Male","5 km",29,"eta","Current",50,1000,793.715115350063,793.715115350063,0
"Male","5 km",30,"eta","Current",50,1000,796.279736423847,796.279736423847,0
"Male","5 km",31,"eta","Current",50,1000,798.452692009313,798.452692009313,0
"Male","5 km",32,"eta","Current",50,1000,800.279707614208,800.279707614208,0
"Male","5 km",33,"eta","Current",50,1000,801.837036414063,801.837036414063,0
"Male","5 km",34,"eta","Current",50,1000,803.23214277102,803.23214277102,0
"Male","5 km",35,"eta","Current",50,1000,804.590859860748,804.590859860748,0
"Male","5 km",36,"eta","Current",50,1000,806.02432239192,806.02432239192,0
"Male","5 km",37,"eta","Current",50,1000,807.671411340435,807.671411340435,0
"Male","5 km",38,"eta","Current",50,1000,809.76217800873,809.76217800873,0
"Male","5 km",39,"eta","Current",50,1000,812.623704232548,812.623704232548,0
"Male","5 km",40,"eta","Current",50,1000,816.595713202841,816.595713202841,0
"Male","5 km",41,"eta","Current",50,1000,821.91365654613,821.91365654613,0
"Male","5 km",42,"eta","Current",50,1000,828.580324780332,828.580324780332,0
"Male","5 km",43,"eta","Current",50,1000,836.156540433226,836.156540433226,0
"Male","5 km",44,"eta","Current",50,1000,844.078058202751,844.078058202751,0
"Male","5 km",45,"eta","Current",50,1000,851.977045858977,851.977045858977,0
"Male","5 km",46,"eta","Current",50,1000,859.769706724814,859.769706724814,0
"Male","5 km",47,"eta","Current",50,1000,867.421934610153,867.421934610153,0
"Male","5 km",48,"eta","Current",50,1000,874.915414392933,874.915414392933,0
"Male","5 km",49,"eta","Current",50,1000,882.249596912826,882.249596912826,0
"Male","5 km",50,"eta","Current",50,1000,889.43732020088,889.43732020088,0
"Male","5 km",51,"eta","Current",50,1000,896.50389307622,896.50389307622,0
"Male","5 km",52,"eta","Current",50,1000,903.479809694996,903.479809694996,0
"Male","5 km",53,"eta","Current",50,1000,910.419677993649,910.419677993649,0
"Male","5 km",54,"eta","Current",50,1000,917.4974765207,917.4974765207,0
"Male","5 km",55,"eta","Current",50,1000,924.830437756304,924.830437756304,0
"Male","5 km",56,"eta","Current",50,1000,932.254334884196,932.254334884196,0
"Male","5 km",57,"eta","Current",50,1000,939.628419805787,939.628419805787,0
"Male","5 km",58,"eta","Current",50,1000,946.914408824324,946.914408824324,0
"Male","5 km",59,"eta","Current",50,1000,954.110647241411,954.110647241411,0
"Male","5 km",60,"eta","Current",50,1000,961.288252886882,961.288252886882,0
"Male","5 km",61,"eta","Current",50,1000,968.755511590433,968.755511590433,0
"Male","5 km",62,"eta","Current",50,1000,976.8173213358,976.8173213358,0
"Male","5 km",63,"eta","Current",50,1000,985.408620865942,985.408620865942,0
"Male","5 km",64,"eta","Current",50,1000,994.312572771738,994.312572771738,0
"Male","5 km",65,"eta","Current",50,1000,1003.37110507386,1003.37110507386,0
"Male","5 km",66,"eta","Current",50,1000,1012.62506847819,1012.62506847819,0
"Male","5 km",67,"eta","Current",50,1000,1022.32525369933,1022.32525369933,0
"Male","5 km",68,"eta","Current",50,1000,1032.72742384414,1032.72742384414,0
"Male","5 km",69,"eta","Current",50,1000,1043.81288510119,1043.81288510119,0
"Male","5 km",70,"eta","Current",50,1000,1055.5075861938,1055.5075861938,0
"Male","5 km",71,"eta","Current",50,1000,1067.83043455155,1067.83043455155,0
"Male","5 km",72,"eta","Current",50,1000,1080.97934822306,1080.97934822306,0
"Male","5 km",73,"eta","Current",50,1000,1095.40295157252,1095.40295157252,0
"Male","5 km",74,"eta","Current",50,1000,1111.74159691109,1111.74159691109,0
"Male","5 km",75,"eta","Current",50,1000,1130.70679029143,1130.70679029143,0
"Male","5 km",76,"eta","Current",50,1000,1152.74004728201,1152.74004728201,0
"Male","5 km",77,"eta","Current",50,1000,1177.48214442784,1177.48214442784,0
"Male","5 km",78,"eta","Current",50,1000,1204.29288210512,1204.29288210512,0
"Male","5 km",79,"eta","Current",50,1000,1234.95025704975,1234.95025704975,0
"Male","5 km",80,"eta","Current",50,1000,1290.80569447314,1290.80569447314,0
"Male","5 km",13,"eta","High",50,1e+06,875.820985089012,875.821156526883,-1.95745294973015e-05
"Male","5 km",14,"eta","High",50,1e+06,837.356237657732,837.356130111755,1.28435170054786e-05
"Male","5 km",15,"eta","High",50,1e+06,817.319489041467,817.319221375485,3.27492582163913e-05
"Male","5 km",16,"eta","High",50,1e+06,801.331630759474,801.331216726755,5.16681130102725e-05
"Male","5 km",17,"eta","High",50,1e+06,788.70200683015,788.701481299124,6.66324380560468e-05
"Male","5 km",18,"eta","High",50,1e+06,779.554562870673,779.554059893028,6.45212014038776e-05
"Male","5 km",19,"eta","High",50,1e+06,773.607887124187,773.607671114732,2.7922351719667e-05
"Male","5 km",20,"eta","High",50,1e+06,770.529948736017,770.530416607245,-6.07206695035778e-05
"Male","5 km",21,"eta","High",50,1e+06,769.907638926428,769.909288773107,-0.000214291047362369
"Male","5 km",22,"eta","High",50,1e+06,771.130476780998,771.133832281947,-0.000435138598320339
"Male","5 km",23,"eta","High",50,1e+06,773.580940896032,773.586508074034,-0.000719658104764154
"Male","5 km",24,"eta","High",50,1e+06,776.758618598144,776.766859815917,-0.00106096413212686
"Male","5 km",25,"eta","High",50,1e+06,780.297175977777,780.308474182902,-0.00144791521546894
"Male","5 km",26,"eta","High",50,1e+06,783.928423387036,783.943029811005,-0.00186319967304671
"Male","5 km",27,"eta","High",50,1e+06,787.455725730671,787.473688757768,-0.00228109552791178
"Male","5 km",28,"eta","High",50,1e+06,790.741092927532,790.762166711688,-0.00266499651130347
"Male","5 km",29,"eta","High",50,1e+06,793.691582632487,793.715115350063,-0.00296488212463419
"Male","5 km",30,"eta","High",50,1e+06,796.254932916119,796.279736423847,-0.00311492388831436
"Male","5 km",31,"eta","High",50,1e+06,798.428486766183,798.452692009313,-0.00303151875772345
"Male","5 km",32,"eta","High",50,1e+06,800.258801717075,800.279707614208,-0.00261232378301335
"Male","5 km",33,"eta","High",50,1e+06,801.823108614067,801.837036414063,-0.00173698636544151
"Male","5 km",34,"eta","High",50,1e+06,803.229990781635,803.23214277102,-0.000267916243701372
"Male","5 km",35,"eta","High",50,1e+06,804.606623847061,804.590859860748,0.00195925495793947
"Male","5 km",36,"eta","High",50,1e+06,806.065815123764,806.02432239192,0.00514782627414334
"Male","5 km",37,"eta","High",50,1e+06,807.748149843004,807.671411340435,0.00950120327303239
"Male","5 km",38,"eta","High",50,1e+06,809.885122734976,809.76217800873,0.0151828190527947
"Male","5 km",39,"eta","High",50,1e+06,812.803229574286,812.623704232548,0.0220920631286869
"Male","5 km",40,"eta","High",50,1e+06,816.828600885637,816.595713202841,0.0285193369288672
"Male","5 km",41,"eta","High",50,1e+06,822.152461594828,821.91365654613,0.02905476101982
"Male","5 km",42,"eta","High",50,1e+06,828.703551651915,828.580324780332,0.0148720489610454
"Male","5 km",43,"eta","High",50,1e+06,835.948052564427,836.156540433226,-0.0249340713989299
"Male","5 km",44,"eta","High",50,1e+06,843.342351157139,844.078058202751,-0.0871610200576023
"Male","5 km",45,"eta","High",50,1e+06,850.736519269031,851.977045858977,-0.145605635266266
"Male","5 km",46,"eta","High",50,1e+06,858.130469274293,859.769706724814,-0.190660061374537
"Male","5 km",47,"eta","High",50,1e+06,865.524135144578,867.421934610153,-0.218786197334053
"Male","5 km",48,"eta","High",50,1e+06,872.917480050014,874.915414392933,-0.228357428621384
"Male","5 km",49,"eta","High",50,1e+06,880.310487822844,882.249596912826,-0.219791439607031
"Male","5 km",50,"eta","High",50,1e+06,887.70315992946,889.43732020088,-0.194972735237553
"Male","5 km",51,"eta","High",50,1e+06,895.095513675649,896.50389307622,-0.157096852724026
"Male","5 km",52,"eta","High",50,1e+06,902.487578615169,903.479809694996,-0.109823270999476
"Male","5 km",53,"eta","High",50,1e+06,909.879394208825,910.419677993649,-0.0593444757273187
"Male","5 km",54,"eta","High",50,1e+06,917.271027467733,917.4974765207,-0.0246811635738586
"Male","5 km",55,"eta","High",50,1e+06,924.662545358431,924.830437756304,-0.0181538572930795
"Male","5 km",56,"eta","High",50,1e+06,932.053901805254,932.254334884196,-0.0214998280450018
"Male","5 km",57,"eta","High",50,1e+06,939.445055664503,939.628419805787,-0.0195145376000627
"Male","5 km",58,"eta","High",50,1e+06,946.83599475205,946.914408824324,-0.00828100951297817
"Male","5 km",59,"eta","High",50,1e+06,954.226738693141,954.110647241411,0.0121675040589908
"Male","5 km",60,"eta","High",50,1e+06,961.617387567034,961.288252886882,0.0342389162838241
"Male","5 km",61,"eta","High",50,1e+06,969.188738461666,968.755511590433,0.0447199387306751
"Male","5 km",62,"eta","High",50,1e+06,977.258464318887,976.8173213358,0.0451612572229365
"Male","5 km",63,"eta","High",50,1e+06,985.80334827986,985.408620865942,0.0400572316457959
"Male","5 km",64,"eta","High",50,1e+06,994.629541359993,994.312572771738,0.03187816356085
"Male","5 km",65,"eta","High",50,1e+06,1003.59587333893,1003.37110507386,0.0224013093393927
"Male","5 km",66,"eta","High",50,1e+06,1012.75814588073,1012.62506847819,0.0131418238281444
"Male","5 km",67,"eta","High",50,1e+06,1022.3802272976,1022.32525369933,0.00537731001721831
"Male","5 km",68,"eta","High",50,1e+06,1032.72635738763,1032.72742384414,-0.000103266020012871
"Male","5 km",69,"eta","High",50,1e+06,1043.77751239852,1043.81288510119,-0.00338879728100094
"Male","5 km",70,"eta","High",50,1e+06,1055.45553156299,1055.5075861938,-0.00493171546011029
"Male","5 km",71,"eta","High",50,1e+06,1067.77492954889,1067.83043455155,-0.00519792289679355
"Male","5 km",72,"eta","High",50,1e+06,1080.92952939343,1080.97934822306,-0.0046086754302066
"Male","5 km",73,"eta","High",50,1e+06,1095.3641882932,1095.40295157252,-0.00353872328548999
"Male","5 km",74,"eta","High",50,1e+06,1111.71579154765,1111.74159691109,-0.0023211655940103
"Male","5 km",75,"eta","High",50,1e+06,1130.69273603321,1130.70679029143,-0.00124296221958309
"Male","5 km",76,"eta","High",50,1e+06,1152.73454831465,1152.74004728201,-0.000477034468748805
"Male","5 km",77,"eta","High",50,1e+06,1177.48226229696,1177.48214442784,1.00102683031622e-05
"Male","5 km",78,"eta","High",50,1e+06,1204.29689842826,1204.29288210512,0.000333500529170472
"Male","5 km",79,"eta","High",50,1e+06,1234.95777394284,1234.95025704975,0.000608679827363012
"Male","5 km",80,"eta","High",50,1e+06,1290.81894006012,1290.80569447314,0.0010261487869867
"Male","10 km",14,"rho","Low",1,1000,1687.4148100674,1644.70033978867,2.59709743139087
"Male","10 km",15,"rho","Low",1,1000,1673.97482767969,1629.30414178017,2.74170332929471
"Male","10 km",16,"rho","Low",1,1000,1666.56058746024,1620.90465132937,2.81669474471726
"Male","10 km",17,"rho","Low",1,1000,1659.97716706868,1613.60287529388,2.87395941621387
"Male","10 km",18,"rho","Low",1,1000,1653.76554910584,1606.98300869633,2.91120317740376
"Male","10 km",19,"rho","Low",1,1000,1648.0628587223,1601.3534813897,2.91686862865954
"Male","10 km",20,"rho","Low",1,1000,1643.00567335552,1597.04970994577,2.87755372444345
"Male","10 km",21,"rho","Low",1,1000,1638.70398874954,1594.28930657095,2.78586088456676
"Male","10 km",22,"rho","Low",1,1000,1635.224674814,1592.98531897996,2.65158475290239
"Male","10 km",23,"rho","Low",1,1000,1632.59667154889,1592.91946770012,2.49084807194024
"Male","10 km",24,"rho","Low",1,1000,1630.81766509828,1593.86544939846,2.31840245447148
"Male","10 km",25,"rho","Low",1,1000,1629.86165765819,1595.61107984565,2.14654925910005
"Male","10 km",26,"rho","Low",1,1000,1629.69296994617,1597.96975576734,1.98521993700664
"Male","10 km",27,"rho","Low",1,1000,1630.27153746805,1600.78322155607,1.84211800291851
"Male","10 km",28,"rho","Low",1,1000,1631.56856133801,1603.93484639654,1.72287016542794
"Male","10 km",29,"rho","Low",1,1000,1633.57510861588,1607.35612028576,1.63118726455309
"Male","10 km",30,"rho","Low",1,1000,1636.29557730629,1611.01836855956,1.56902051770709
"Male","10 km",31,"rho","Low",1,1000,1639.73796249789,1614.9216788012,1.53668651690348
"Male","10 km",32,"rho","Low",1,1000,1643.90723000626,1619.08737847525,1.53295318467506
"Male","10 km",33,"rho","Low",1,1000,1648.80695988021,1623.55923347565,1.55508501839614
"Male","10 km",34,"rho","Low",1,1000,1654.43769966103,1628.40179200884,1.59886262591711
"Male","10 km",35,"rho","Low",1,1000,1660.80490445014,1633.70871253043,1.65856934665751
"Male","10 km",36,"rho","Low",1,1000,1667.92297124548,1639.60752201108,1.72696507269432
"Male","10 km",37,"rho","Low",1,1000,1675.81196880931,1646.25732141187,1.795262928404
"Male","10 km",38,"rho","Low",1,1000,1684.49155570314,1653.84382276086,1.85312134800708
"Male","10 km",39,"rho","Low",1,1000,1693.98253754722,1662.57739030264,1.88894348183446
"Male","10 km",40,"rho","Low",1,1000,1704.30009007988,1672.64869030383,1.89229214475994
"Male","10 km",41,"rho","Low",1,1000,1715.43608613475,1684.12297163638,1.85931283081691
"Male","10 km",42,"rho","Low",1,1000,1727.35823871703,1696.92041757,1.79370940627961
"Male","10 km",43,"rho","Low",1,1000,1740.02148336797,1710.88447001337,1.70303804057355
"Male","10 km",44,"rho","Low",1,1000,1753.36454200892,1725.77358631939,1.59875871946638
"Male","10 km",45,"rho","Low",1,1000,1767.31651817765,1741.32359792393,1.49271050393545
"Male","10 km",46,"rho","Low",1,1000,1781.79751984127,1757.28261960013,1.39504596288109
"Male","10 km",47,"rho","Low",1,1000,1796.7203472408,1773.419520795,1.31389252078176
"Male","10 km",48,"rho","Low",1,1000,1812.00344519804,1789.5540536193,1.25446848243209
"Male","10 km",49,"rho","Low",1,1000,1827.57831721818,1805.58110139893,1.21829010074415
"Male","10 km",50,"rho","Low",1,1000,1843.4022631334,1821.43889644185,1.20582506140896
"Male","10 km",51,"rho","Low",1,1000,1859.45482299195,1837.08828968734,1.2174990951807
"Male","10 km",52,"rho","Low",1,1000,1875.72589314573,1852.50390973833,1.25354571643992
"Male","10 km",53,"rho","Low",1,1000,1892.22453096893,1867.68162589183,1.3140839818121
"Male","10 km",54,"rho","Low",1,1000,1908.98343720656,1882.64191287627,1.39917868343036
"Male","10 km",55,"rho","Low",1,1000,1926.05184435201,1897.42537972881,1.50870041736733
"Male","10 km",56,"rho","Low",1,1000,1943.48976807157,1912.0902355959,1.64215746156391
"Male","10 km",57,"rho","Low",1,1000,1961.36747231975,1926.7267283259,1.79790644332551
"Male","10 km",58,"rho","Low",1,1000,1979.77997628331,1941.50824270289,1.97123724425394
"Male","10 km",59,"rho","Low",1,1000,1998.84377509413,1956.68861476363,2.15441332935817
"Male","10 km",60,"rho","Low",1,1000,2018.66882069354,1972.55347193008,2.33785037615932
"Male","10 km",61,"rho","Low",1,1000,2039.34522802556,1989.36229475257,2.51251033584154
"Male","10 km",62,"rho","Low",1,1000,2060.92825418174,2007.26779969615,2.67330819005367
"Male","10 km",63,"rho","Low",1,1000,2083.43485278332,2026.30921813303,2.81919630721124
"Male","10 km",64,"rho","Low",1,1000,2106.85389863524,2046.37303503084,2.95551507809491
"Male","10 km",65,"rho","Low",1,1000,2131.18988668385,2067.34031893866,3.08848848737018
"Male","10 km",66,"rho","Low",1,1000,2156.48251325833,2089.17560913072,3.22169681827811
"Male","10 km",67,"rho","Low",1,1000,2182.78694346295,2111.91985881271,3.35557641330586
"Male","10 km",68,"rho","Low",1,1000,2210.14462732179,2135.66455432785,3.48744248449542
"Male","10 km",69,"rho","Low",1,1000,2238.57027521291,2160.54207134047,3.61151050504775
"Male","10 km",70,"rho","Low",1,1000,2268.05318155752,2186.73040814932,3.71892086491954
"Male","10 km",71,"rho","Low",1,1000,2298.55027614504,2214.44956216625,3.79781573785372
"Male","10 km",72,"rho","Low",1,1000,2330.01541229143,2243.99387766358,3.83341218013544
"Male","10 km",73,"rho","Low",1,1000,2362.41740561283,2275.72311847354,3.80952702178619
"Male","10 km",74,"rho","Low",1,1000,2395.69653450192,2309.81411975004,3.71815264343331
"Male","10 km",75,"rho","Low",1,1000,2429.72386612551,2345.92559918616,3.57207692215029
"Male","10 km",76,"rho","Low",1,1000,2464.31621673672,2383.50749167782,3.39032813368754
"Male","10 km",77,"rho","Low",1,1000,2499.26008861419,2422.02957149819,3.188669454115
"Male","10 km",78,"rho","Low",1,1000,2534.34278964128,2461.03932851139,2.9785570787376
"Male","10 km",79,"rho","Low",1,1000,2572.33760544009,2503.49385928154,2.7499067314793
"Male","10 km",80,"rho","Low",1,1000,2639.38727561213,2578.61189317164,2.35690305320579
"Male","10 km",14,"rho","Current",50,1000,1644.70033978867,1644.70033978867,0
"Male","10 km",15,"rho","Current",50,1000,1629.30414178017,1629.30414178017,0
"Male","10 km",16,"rho","Current",50,1000,1620.90465132937,1620.90465132937,0
"Male","10 km",17,"rho","Current",50,1000,1613.60287529388,1613.60287529388,0
"Male","10 km",18,"rho","Current",50,1000,1606.98300869633,1606.98300869633,0
"Male","10 km",19,"rho","Current",50,1000,1601.3534813897,1601.3534813897,0
"Male","10 km",20,"rho","Current",50,1000,1597.04970994577,1597.04970994577,0
"Male","10 km",21,"rho","Current",50,1000,1594.28930657095,1594.28930657095,0
"Male","10 km",22,"rho","Current",50,1000,1592.98531897996,1592.98531897996,0
"Male","10 km",23,"rho","Current",50,1000,1592.91946770012,1592.91946770012,0
"Male","10 km",24,"rho","Current",50,1000,1593.86544939846,1593.86544939846,0
"Male","10 km",25,"rho","Current",50,1000,1595.61107984565,1595.61107984565,0
"Male","10 km",26,"rho","Current",50,1000,1597.96975576734,1597.96975576734,0
"Male","10 km",27,"rho","Current",50,1000,1600.78322155607,1600.78322155607,0
"Male","10 km",28,"rho","Current",50,1000,1603.93484639654,1603.93484639654,0
"Male","10 km",29,"rho","Current",50,1000,1607.35612028576,1607.35612028576,0
"Male","10 km",30,"rho","Current",50,1000,1611.01836855956,1611.01836855956,0
"Male","10 km",31,"rho","Current",50,1000,1614.9216788012,1614.9216788012,0
"Male","10 km",32,"rho","Current",50,1000,1619.08737847525,1619.08737847525,0
"Male","10 km",33,"rho","Current",50,1000,1623.55923347565,1623.55923347565,0
"Male","10 km",34,"rho","Current",50,1000,1628.40179200884,1628.40179200884,0
"Male","10 km",35,"rho","Current",50,1000,1633.70871253043,1633.70871253043,0
"Male","10 km",36,"rho","Current",50,1000,1639.60752201108,1639.60752201108,0
"Male","10 km",37,"rho","Current",50,1000,1646.25732141187,1646.25732141187,0
"Male","10 km",38,"rho","Current",50,1000,1653.84382276086,1653.84382276086,0
"Male","10 km",39,"rho","Current",50,1000,1662.57739030264,1662.57739030264,0
"Male","10 km",40,"rho","Current",50,1000,1672.64869030383,1672.64869030383,0
"Male","10 km",41,"rho","Current",50,1000,1684.12297163638,1684.12297163638,0
"Male","10 km",42,"rho","Current",50,1000,1696.92041757,1696.92041757,0
"Male","10 km",43,"rho","Current",50,1000,1710.88447001337,1710.88447001337,0
"Male","10 km",44,"rho","Current",50,1000,1725.77358631939,1725.77358631939,0
"Male","10 km",45,"rho","Current",50,1000,1741.32359792393,1741.32359792393,0
"Male","10 km",46,"rho","Current",50,1000,1757.28261960013,1757.28261960013,0
"Male","10 km",47,"rho","Current",50,1000,1773.419520795,1773.419520795,0
"Male","10 km",48,"rho","Current",50,1000,1789.5540536193,1789.5540536193,0
"Male","10 km",49,"rho","Current",50,1000,1805.58110139893,1805.58110139893,0
"Male","10 km",50,"rho","Current",50,1000,1821.43889644185,1821.43889644185,0
"Male","10 km",51,"rho","Current",50,1000,1837.08828968734,1837.08828968734,0
"Male","10 km",52,"rho","Current",50,1000,1852.50390973833,1852.50390973833,0
"Male","10 km",53,"rho","Current",50,1000,1867.68162589183,1867.68162589183,0
"Male","10 km",54,"rho","Current",50,1000,1882.64191287627,1882.64191287627,0
"Male","10 km",55,"rho","Current",50,1000,1897.42537972881,1897.42537972881,0
"Male","10 km",56,"rho","Current",50,1000,1912.0902355959,1912.0902355959,0
"Male","10 km",57,"rho","Current",50,1000,1926.7267283259,1926.7267283259,0
"Male","10 km",58,"rho","Current",50,1000,1941.50824270289,1941.50824270289,0
"Male","10 km",59,"rho","Current",50,1000,1956.68861476363,1956.68861476363,0
"Male","10 km",60,"rho","Current",50,1000,1972.55347193008,1972.55347193008,0
"Male","10 km",61,"rho","Current",50,1000,1989.36229475257,1989.36229475257,0
"Male","10 km",62,"rho","Current",50,1000,2007.26779969615,2007.26779969615,0
"Male","10 km",63,"rho","Current",50,1000,2026.30921813303,2026.30921813303,0
"Male","10 km",64,"rho","Current",50,1000,2046.37303503084,2046.37303503084,0
"Male","10 km",65,"rho","Current",50,1000,2067.34031893866,2067.34031893866,0
"Male","10 km",66,"rho","Current",50,1000,2089.17560913072,2089.17560913072,0
"Male","10 km",67,"rho","Current",50,1000,2111.91985881271,2111.91985881271,0
"Male","10 km",68,"rho","Current",50,1000,2135.66455432785,2135.66455432785,0
"Male","10 km",69,"rho","Current",50,1000,2160.54207134047,2160.54207134047,0
"Male","10 km",70,"rho","Current",50,1000,2186.73040814932,2186.73040814932,0
"Male","10 km",71,"rho","Current",50,1000,2214.44956216625,2214.44956216625,0
"Male","10 km",72,"rho","Current",50,1000,2243.99387766358,2243.99387766358,0
"Male","10 km",73,"rho","Current",50,1000,2275.72311847354,2275.72311847354,0
"Male","10 km",74,"rho","Current",50,1000,2309.81411975004,2309.81411975004,0
"Male","10 km",75,"rho","Current",50,1000,2345.92559918616,2345.92559918616,0
"Male","10 km",76,"rho","Current",50,1000,2383.50749167782,2383.50749167782,0
"Male","10 km",77,"rho","Current",50,1000,2422.02957149819,2422.02957149819,0
"Male","10 km",78,"rho","Current",50,1000,2461.03932851139,2461.03932851139,0
"Male","10 km",79,"rho","Current",50,1000,2503.49385928154,2503.49385928154,0
"Male","10 km",80,"rho","Current",50,1000,2578.61189317164,2578.61189317164,0
"Male","10 km",14,"rho","High",1000,1000,1632.75155830167,1644.70033978867,-0.72650203796627
"Male","10 km",15,"rho","High",1000,1000,1616.97890244733,1629.30414178017,-0.75647259567978
"Male","10 km",16,"rho","High",1000,1000,1608.40025541255,1620.90465132937,-0.771445495363599
"Male","10 km",17,"rho","High",1000,1000,1600.98629665167,1613.60287529388,-0.781888706036382
"Male","10 km",18,"rho","High",1000,1000,1594.34028788781,1606.98300869633,-0.786736433435342
"Male","10 km",19,"rho","High",1000,1000,1588.81779358039,1601.3534813897,-0.782818281846753
"Male","10 km",20,"rho","High",1000,1000,1584.80891451895,1597.04970994577,-0.766463019315511
"Male","10 km",21,"rho","High",1000,1000,1582.56208667786,1594.28930657095,-0.735576651286718
"Male","10 km",22,"rho","High",1000,1000,1581.95232914916,1592.98531897996,-0.692598337181161
"Male","10 km",23,"rho","High",1000,1000,1582.69870434397,1592.91946770012,-0.641637167690856
"Male","10 km",24,"rho","High",1000,1000,1584.51826945515,1593.86544939846,-0.586447240376164
"Male","10 km",25,"rho","High",1000,1000,1587.15193259193,1595.61107984565,-0.530150947218222
"Male","10 km",26,"rho","High",1000,1000,1590.37509608905,1597.96975576734,-0.475269300365844
"Male","10 km",27,"rho","High",1000,1000,1593.99958805628,1600.78322155607,-0.423769652782791
"Male","10 km",28,"rho","High",1000,1000,1597.88612423594,1603.93484639654,-0.377117697404905
"Male","10 km",29,"rho","High",1000,1000,1601.95003745146,1607.35612028576,-0.336333856951732
"Male","10 km",30,"rho","High",1000,1000,1606.15229611526,1611.01836855956,-0.302049470029175
"Male","10 km",31,"rho","High",1000,1000,1610.48782130807,1614.9216788012,-0.274555574510782
"Male","10 km",32,"rho","High",1000,1000,1614.97745084808,1619.08737847525,-0.25384223741145
"Male","10 km",33,"rho","High",1000,1000,1619.6687256313,1623.55923347565,-0.23962832794332
"Male","10 km",34,"rho","High",1000,1000,1624.63392326232,1628.40179200884,-0.231384463281825
"Male","10 km",35,"rho","High",1000,1000,1629.97817419101,1633.70871253043,-0.228347826684683
"Male","10 km",36,"rho","High",1000,1000,1635.84409932366,1639.60752201108,-0.229531923762216
"Male","10 km",37,"rho","High",1000,1000,1642.40947508237,1646.25732141187,-0.233732982046586
"Male","10 km",38,"rho","High",1000,1000,1649.88229591634,1653.84382276086,-0.239534518919038
"Male","10 km",39,"rho","High",1000,1000,1658.5035344942,1662.57739030264,-0.245032552000657
"Male","10 km",40,"rho","High",1000,1000,1668.52748079439,1672.64869030383,-0.246388230435368
"Male","10 km",41,"rho","High",1000,1000,1680.10706580291,1684.12297163638,-0.238456805179899
"Male","10 km",42,"rho","High",1000,1000,1693.14961934869,1696.92041757,-0.222214205349336
"Male","10 km",43,"rho","High",1000,1000,1707.43977268383,1710.88447001337,-0.201340148321827
"Male","10 km",44,"rho","High",1000,1000,1722.69315218647,1725.77358631939,-0.178495844259818
"Male","10 km",45,"rho","High",1000,1000,1738.61507104431,1741.32359792393,-0.155544143710484
"Male","10 km",46,"rho","High",1000,1000,1754.92815691421,1757.28261960013,-0.133983154425921
"Male","10 km",47,"rho","High",1000,1000,1771.38531070483,1773.419520795,-0.114705520398073
"Male","10 km",48,"rho","High",1000,1000,1787.80369068929,1789.5540536193,-0.097810006156196
"Male","10 km",49,"rho","High",1000,1000,1804.07157413375,1805.58110139893,-0.0836034041348466
"Male","10 km",50,"rho","High",1000,1000,1820.11798795994,1821.43889644185,-0.0725200545840354
"Male","10 km",51,"rho","High",1000,1000,1835.89528894891,1837.08828968734,-0.0649397606596214
"Male","10 km",52,"rho","High",1000,1000,1851.3703298065,1852.50390973833,-0.0611917700077624
"Male","10 km",53,"rho","High",1000,1000,1866.53178374172,1867.68162589183,-0.061565211873893
"Male","10 km",54,"rho","High",1000,1000,1881.39345076279,1882.64191287627,-0.0663143694477064
"Male","10 km",55,"rho","High",1000,1000,1895.99009225363,1897.42537972881,-0.075643948400228
"Male","10 km",56,"rho","High",1000,1000,1910.37475608355,1912.0902355959,-0.0897174976587034
"Male","10 km",57,"rho","High",1000,1000,1924.61857468938,1926.7267283259,-0.109416327989209
"Male","10 km",58,"rho","High",1000,1000,1938.84304022158,1941.50824270289,-0.137274847600122
"Male","10 km",59,"rho","High",1000,1000,1953.26802879365,1956.68861476363,-0.174815039254295
"Male","10 km",60,"rho","High",1000,1000,1968.17109609149,1972.55347193008,-0.222167657351369
"Male","10 km",61,"rho","High",1000,1000,1983.82410459179,1989.36229475257,-0.278390224615321
"Male","10 km",62,"rho","High",1000,1000,2000.42012229347,2007.26779969615,-0.34114418632748
"Male","10 km",63,"rho","High",1000,1000,2018.04165102904,2026.30921813303,-0.408011128311825
"Male","10 km",64,"rho","High",1000,1000,2036.59606788991,2046.37303503084,-0.477770522459031
"Male","10 km",65,"rho","High",1000,1000,2055.97976990587,2067.34031893866,-0.549524861906892
"Male","10 km",66,"rho","High",1000,1000,2076.18029134271,2089.17560913072,-0.622030897317205
"Male","10 km",67,"rho","High",1000,1000,2097.27243543752,2111.91985881271,-0.693559621311712
"Male","10 km",68,"rho","High",1000,1000,2119.39394252374,2135.66455432785,-0.761852406602692
"Male","10 km",69,"rho","High",1000,1000,2142.73740772961,2160.54207134047,-0.824083170933598
"Male","10 km",70,"rho","High",1000,1000,2167.55654377597,2186.73040814932,-0.876827994063301
"Male","10 km",71,"rho","High",1000,1000,2194.16399696909,2214.44956216625,-0.9160545150247
"Male","10 km",72,"rho","High",1000,1000,2222.96497179712,2243.99387766358,-0.937119573978729
"Male","10 km",73,"rho","High",1000,1000,2254.44069413202,2275.72311847354,-0.935193924461142
"Male","10 km",74,"rho","High",1000,1000,2288.84028938849,2309.81411975004,-0.908031091429262
"Male","10 km",75,"rho","High",1000,1000,2325.75946380549,2345.92559918616,-0.859623825566602
"Male","10 km",76,"rho","High",1000,1000,2364.5359135491,2383.50749167782,-0.795952108183129
"Male","10 km",77,"rho","High",1000,1000,2404.53765615802,2422.02957149819,-0.722200733881095
"Male","10 km",78,"rho","High",1000,1000,2445.22843430876,2461.03932851139,-0.642447847925642
"Male","10 km",79,"rho","High",1000,1000,2489.65686726664,2503.49385928154,-0.55270724805635
"Male","10 km",80,"rho","High",1000,1000,2568.44882752789,2578.61189317164,-0.394129324799075
"Male","10 km",14,"eta","Low",50,0,1644.7300667574,1644.70033978867,0.00180743981192943
"Male","10 km",15,"eta","Low",50,0,1629.32609294124,1629.30414178017,0.00134727215808095
"Male","10 km",16,"eta","Low",50,0,1620.92212721504,1620.90465132937,0.00107815630372432
"Male","10 km",17,"eta","Low",50,0,1613.61610142715,1613.60287529388,0.000819664706463996
"Male","10 km",18,"eta","Low",50,0,1606.99180712016,1606.98300869633,0.000547511938719936
"Male","10 km",19,"eta","Low",50,0,1601.35759695871,1601.3534813897,0.000257005655490694
"Male","10 km",20,"eta","Low",50,0,1597.0488031906,1597.04970994577,-5.67768904558008e-05
"Male","10 km",21,"eta","Low",50,0,1594.28295929974,1594.28930657095,-0.000398125433376251
"Male","10 km",22,"eta","Low",50,0,1592.97305647157,1592.98531897996,-0.000769781632070643
"Male","10 km",23,"eta","Low",50,0,1592.90077433095,1592.91946770012,-0.00117352882855748
"Male","10 km",24,"eta","Low",50,0,1593.8397816832,1593.86544939846,-0.00161040665404011
"Male","10 km",25,"eta","Low",50,0,1595.57788444494,1595.61107984565,-0.00208041929055103
"Male","10 km",26,"eta","Low",50,0,1597.92849415252,1597.96975576734,-0.0025821273946125
"Male","10 km",27,"eta","Low",50,0,1600.73340185119,1600.78322155607,-0.00311220808709711
"Male","10 km",28,"eta","Low",50,0,1603.87606290129,1603.93484639654,-0.00366495530592648
"Male","10 km",29,"eta","Low",50,0,1607.28810113594,1607.35612028576,-0.00423174111573443
"Male","10 km",30,"eta","Low",50,0,1610.94103189718,1611.01836855956,-0.004800482967382
"Male","10 km",31,"eta","Low",50,0,1614.8351976955,1614.9216788012,-0.00535512692874107
"Male","10 km",32,"eta","Low",50,0,1618.9922546523,1619.08737847525,-0.00587515066879929
"Male","10 km",33,"eta","Low",50,0,1623.45637966783,1623.55923347565,-0.0063350819420438
"Male","10 km",34,"eta","Low",50,0,1628.29262241935,1628.40179200884,-0.00670409416260176
"Male","10 km",35,"eta","Low",50,0,1633.59524051334,1633.70871253043,-0.00694567007120117
"Male","10 km",36,"eta","Low",50,0,1639.49246358641,1639.60752201108,-0.00701743698550139
"Male","10 km",37,"eta","Low",50,0,1646.14420266218,1646.25732141187,-0.0068712678274574
"Male","10 km",38,"eta","Low",50,0,1653.73708848366,1653.84382276086,-0.00645370957849112
"Male","10 km",39,"eta","Low",50,0,1662.48263357071,1662.57739030264,-0.00569938773895551
"Male","10 km",40,"eta","Low",50,0,1672.57383413175,1672.64869030383,-0.00447530748741709
"Male","10 km",41,"eta","Low",50,0,1684.08134944059,1684.12297163638,-0.00247144635422414
"Male","10 km",42,"eta","Low",50,0,1696.93355743052,1696.92041757,0.000774335695630235
"Male","10 km",43,"eta","Low",50,0,1710.98289174473,1710.88447001337,0.00575268132254614
"Male","10 km",44,"eta","Low",50,0,1725.99656929561,1725.77358631939,0.0129207549583565
"Male","10 km",45,"eta","Low",50,0,1741.71893817864,1741.32359792393,0.0227034340530841
"Male","10 km",46,"eta","Low",50,0,1757.90632205504,1757.28261960013,0.0354924386069211
"Male","10 km",47,"eta","Low",50,0,1774.33217910484,1773.419520795,0.0514631929528164
"Male","10 km",48,"eta","Low",50,0,1790.79847063935,1789.5540536193,0.0695378280156422
"Male","10 km",49,"eta","Low",50,0,1807.14167825248,1805.58110139893,0.086430725949671
"Male","10 km",50,"eta","Low",50,0,1823.24444283378,1821.43889644185,0.0991274752865534
"Male","10 km",51,"eta","Low",50,0,1839.03129915478,1837.08828968734,0.105765709702088
"Male","10 km",52,"eta","Low",50,0,1854.45654343689,1852.50390973833,0.105405105398071
"Male","10 km",53,"eta","Low",50,0,1869.51330289158,1867.68162589183,0.0980722289255276
"Male","10 km",54,"eta","Low",50,0,1884.23883011234,1882.64191287627,0.0848232064285526
"Male","10 km",55,"eta","Low",50,0,1898.70876565776,1897.42537972881,0.0676382819934318
"Male","10 km",56,"eta","Low",50,0,1913.03332106405,1912.0902355959,0.0493222260429249
"Male","10 km",57,"eta","Low",50,0,1927.35920712109,1926.7267283259,0.0328265957953544
"Male","10 km",58,"eta","Low",50,0,1941.88708687662,1941.50824270289,0.0195128800070332
"Male","10 km",59,"eta","Low",50,0,1956.8716514356,1956.68861476363,0.00935440982250402
"Male","10 km",60,"eta","Low",50,0,1972.5913008365,1972.55347193008,0.00191776329312443
"Male","10 km",61,"eta","Low",50,0,1989.29695285036,1989.36229475257,-0.00328456522893372
"Male","10 km",62,"eta","Low",50,0,2007.13200380664,2007.26779969615,-0.00676521037874522
"Male","10 km",63,"eta","Low",50,0,2026.12743463389,2026.30921813303,-0.008971162817073
"Male","10 km",64,"eta","Low",50,0,2046.16472670044,2046.37303503084,-0.010179391871723
"Male","10 km",65,"eta","Low",50,0,2067.12152295215,2067.34031893866,-0.0105834527825754
"Male","10 km",66,"eta","Low",50,0,2088.95930704452,2089.17560913072,-0.0103534659919968
"Male","10 km",67,"eta","Low",50,0,2111.71618118281,2111.91985881271,-0.00964419312859954
"Male","10 km",68,"eta","Low",50,0,2135.48098385543,2135.66455432785,-0.00859547310687603
"Male","10 km",69,"eta","Low",50,0,2160.38363481499,2160.54207134047,-0.00733318399952498
"Male","10 km",70,"eta","Low",50,0,2186.59984998899,2186.73040814932,-0.00597047353629865
"Male","10 km",71,"eta","Low",50,0,2214.34749470481,2214.44956216625,-0.0046091572003748
"Male","10 km",72,"eta","Low",50,0,2243.9189055172,2243.99387766358,-0.00334101385615071
"Male","10 km",73,"eta","Low",50,0,2275.67200274278,2275.72311847354,-0.00224613136582397
"Male","10 km",74,"eta","Low",50,0,2309.78238160786,2309.81411975004,-0.00137405611587704
"Male","10 km",75,"eta","Low",50,0,2345.90876488618,2345.92559918616,-0.000717597351962418
"Male","10 km",76,"eta","Low",50,0,2383.50165528675,2383.50749167782,-0.000244865648102444
"Male","10 km",77,"eta","Low",50,0,2422.03147857779,2422.02957149819,7.87389064171862e-05
"Male","10 km",78,"eta","Low",50,0,2461.04638272176,2461.03932851139,0.000286635418134118
"Male","10 km",79,"eta","Low",50,0,2503.50427243655,2503.49385928154,0.000415944899523346
"Male","10 km",80,"eta","Low",50,0,2578.62535290208,2578.61189317164,0.000521975814726794
"Male","10 km",14,"eta","Current",50,1000,1644.70033978867,1644.70033978867,0
"Male","10 km",15,"eta","Current",50,1000,1629.30414178017,1629.30414178017,0
"Male","10 km",16,"eta","Current",50,1000,1620.90465132937,1620.90465132937,0
"Male","10 km",17,"eta","Current",50,1000,1613.60287529388,1613.60287529388,0
"Male","10 km",18,"eta","Current",50,1000,1606.98300869633,1606.98300869633,0
"Male","10 km",19,"eta","Current",50,1000,1601.3534813897,1601.3534813897,0
"Male","10 km",20,"eta","Current",50,1000,1597.04970994577,1597.04970994577,0
"Male","10 km",21,"eta","Current",50,1000,1594.28930657095,1594.28930657095,0
"Male","10 km",22,"eta","Current",50,1000,1592.98531897996,1592.98531897996,0
"Male","10 km",23,"eta","Current",50,1000,1592.91946770012,1592.91946770012,0
"Male","10 km",24,"eta","Current",50,1000,1593.86544939846,1593.86544939846,0
"Male","10 km",25,"eta","Current",50,1000,1595.61107984565,1595.61107984565,0
"Male","10 km",26,"eta","Current",50,1000,1597.96975576734,1597.96975576734,0
"Male","10 km",27,"eta","Current",50,1000,1600.78322155607,1600.78322155607,0
"Male","10 km",28,"eta","Current",50,1000,1603.93484639654,1603.93484639654,0
"Male","10 km",29,"eta","Current",50,1000,1607.35612028576,1607.35612028576,0
"Male","10 km",30,"eta","Current",50,1000,1611.01836855956,1611.01836855956,0
"Male","10 km",31,"eta","Current",50,1000,1614.9216788012,1614.9216788012,0
"Male","10 km",32,"eta","Current",50,1000,1619.08737847525,1619.08737847525,0
"Male","10 km",33,"eta","Current",50,1000,1623.55923347565,1623.55923347565,0
"Male","10 km",34,"eta","Current",50,1000,1628.40179200884,1628.40179200884,0
"Male","10 km",35,"eta","Current",50,1000,1633.70871253043,1633.70871253043,0
"Male","10 km",36,"eta","Current",50,1000,1639.60752201108,1639.60752201108,0
"Male","10 km",37,"eta","Current",50,1000,1646.25732141187,1646.25732141187,0
"Male","10 km",38,"eta","Current",50,1000,1653.84382276086,1653.84382276086,0
"Male","10 km",39,"eta","Current",50,1000,1662.57739030264,1662.57739030264,0
"Male","10 km",40,"eta","Current",50,1000,1672.64869030383,1672.64869030383,0
"Male","10 km",41,"eta","Current",50,1000,1684.12297163638,1684.12297163638,0
"Male","10 km",42,"eta","Current",50,1000,1696.92041757,1696.92041757,0
"Male","10 km",43,"eta","Current",50,1000,1710.88447001337,1710.88447001337,0
"Male","10 km",44,"eta","Current",50,1000,1725.77358631939,1725.77358631939,0
"Male","10 km",45,"eta","Current",50,1000,1741.32359792393,1741.32359792393,0
"Male","10 km",46,"eta","Current",50,1000,1757.28261960013,1757.28261960013,0
"Male","10 km",47,"eta","Current",50,1000,1773.419520795,1773.419520795,0
"Male","10 km",48,"eta","Current",50,1000,1789.5540536193,1789.5540536193,0
"Male","10 km",49,"eta","Current",50,1000,1805.58110139893,1805.58110139893,0
"Male","10 km",50,"eta","Current",50,1000,1821.43889644185,1821.43889644185,0
"Male","10 km",51,"eta","Current",50,1000,1837.08828968734,1837.08828968734,0
"Male","10 km",52,"eta","Current",50,1000,1852.50390973833,1852.50390973833,0
"Male","10 km",53,"eta","Current",50,1000,1867.68162589183,1867.68162589183,0
"Male","10 km",54,"eta","Current",50,1000,1882.64191287627,1882.64191287627,0
"Male","10 km",55,"eta","Current",50,1000,1897.42537972881,1897.42537972881,0
"Male","10 km",56,"eta","Current",50,1000,1912.0902355959,1912.0902355959,0
"Male","10 km",57,"eta","Current",50,1000,1926.7267283259,1926.7267283259,0
"Male","10 km",58,"eta","Current",50,1000,1941.50824270289,1941.50824270289,0
"Male","10 km",59,"eta","Current",50,1000,1956.68861476363,1956.68861476363,0
"Male","10 km",60,"eta","Current",50,1000,1972.55347193008,1972.55347193008,0
"Male","10 km",61,"eta","Current",50,1000,1989.36229475257,1989.36229475257,0
"Male","10 km",62,"eta","Current",50,1000,2007.26779969615,2007.26779969615,0
"Male","10 km",63,"eta","Current",50,1000,2026.30921813303,2026.30921813303,0
"Male","10 km",64,"eta","Current",50,1000,2046.37303503084,2046.37303503084,0
"Male","10 km",65,"eta","Current",50,1000,2067.34031893866,2067.34031893866,0
"Male","10 km",66,"eta","Current",50,1000,2089.17560913072,2089.17560913072,0
"Male","10 km",67,"eta","Current",50,1000,2111.91985881271,2111.91985881271,0
"Male","10 km",68,"eta","Current",50,1000,2135.66455432785,2135.66455432785,0
"Male","10 km",69,"eta","Current",50,1000,2160.54207134047,2160.54207134047,0
"Male","10 km",70,"eta","Current",50,1000,2186.73040814932,2186.73040814932,0
"Male","10 km",71,"eta","Current",50,1000,2214.44956216625,2214.44956216625,0
"Male","10 km",72,"eta","Current",50,1000,2243.99387766358,2243.99387766358,0
"Male","10 km",73,"eta","Current",50,1000,2275.72311847354,2275.72311847354,0
"Male","10 km",74,"eta","Current",50,1000,2309.81411975004,2309.81411975004,0
"Male","10 km",75,"eta","Current",50,1000,2345.92559918616,2345.92559918616,0
"Male","10 km",76,"eta","Current",50,1000,2383.50749167782,2383.50749167782,0
"Male","10 km",77,"eta","Current",50,1000,2422.02957149819,2422.02957149819,0
"Male","10 km",78,"eta","Current",50,1000,2461.03932851139,2461.03932851139,0
"Male","10 km",79,"eta","Current",50,1000,2503.49385928154,2503.49385928154,0
"Male","10 km",80,"eta","Current",50,1000,2578.61189317164,2578.61189317164,0
"Male","10 km",14,"eta","High",50,1e+06,1644.61278549772,1644.70033978867,-0.00532341903419775
"Male","10 km",15,"eta","High",50,1e+06,1629.2396207002,1629.30414178017,-0.00396003903258002
"Male","10 km",16,"eta","High",50,1e+06,1620.85338533929,1620.90465132937,-0.00316280109574629
"Male","10 km",17,"eta","High",50,1e+06,1613.56419425661,1613.60287529388,-0.00239718445356196
"Male","10 km",18,"eta","High",50,1e+06,1606.95743620154,1606.98300869633,-0.0015913357302777
"Male","10 km",19,"eta","High",50,1e+06,1601.34176776457,1601.3534813897,-0.000731482790050642
"Male","10 km",20,"eta","High",50,1e+06,1597.05285233369,1597.04970994577,0.000196762061066558
"Male","10 km",21,"eta","High",50,1e+06,1594.30852714446,1594.28930657095,0.00120558881167021
"Male","10 km",22,"eta","High",50,1e+06,1593.02198810155,1592.98531897996,0.00230191208658859
"Male","10 km",23,"eta","High",50,1e+06,1592.97505250318,1592.91946770012,0.00348949235597917
"Male","10 km",24,"eta","High",50,1e+06,1593.94147425504,1593.86544939846,0.00476984155801663
"Male","10 km",25,"eta","High",50,1e+06,1595.7090728499,1595.61107984565,0.00614140911205929
"Male","10 km",26,"eta","High",50,1e+06,1598.09117571647,1597.96975576734,0.00759838843589211
"Male","10 km",27,"eta","High",50,1e+06,1600.92936399423,1600.78322155607,0.00912943340434236
"Male","10 km",28,"eta","High",50,1e+06,1604.10672735965,1603.93484639654,0.0107162060534849
"Male","10 km",29,"eta","High",50,1e+06,1607.55433654822,1607.35612028576,0.0123318199346079
"Male","10 km",30,"eta","High",50,1e+06,1611.24293345801,1611.01836855956,0.013939313345257
"Male","10 km",31,"eta","High",50,1e+06,1615.17183311799,1614.9216788012,0.0154901825934584
"Male","10 km",32,"eta","High",50,1e+06,1619.36137642926,1619.08737847525,0.0169229874588783
"Male","10 km",33,"eta","High",50,1e+06,1623.85410461269,1623.55923347565,0.0181620190355947
"Male","10 km",34,"eta","High",50,1e+06,1628.71308073304,1628.40179200884,0.0191162111057075
"Male","10 km",35,"eta","High",50,1e+06,1634.0301981935,1633.70871253043,0.0196782731587852
"Male","10 km",36,"eta","High",50,1e+06,1639.93092389927,1639.60752201108,0.0197243476777853
"Male","10 km",37,"eta","High",50,1e+06,1646.57199465959,1646.25732141187,0.0191144630688367
"Male","10 km",38,"eta","High",50,1e+06,1654.13645318787,1653.84382276086,0.0176939577354096
"Male","10 km",39,"eta","High",50,1e+06,1662.83136861282,1662.57739030264,0.0152761797229006
"Male","10 km",40,"eta","High",50,1e+06,1672.84094998897,1672.64869030383,0.0114943255120847
"Male","10 km",41,"eta","High",50,1e+06,1684.21581998639,1684.12297163638,0.00551315738666069
"Male","10 km",42,"eta","High",50,1e+06,1696.85431753101,1696.92041757,-0.00389529398703292
"Male","10 km",43,"eta","High",50,1e+06,1710.57633008012,1710.88447001337,-0.0180105634630556
"Male","10 km",44,"eta","High",50,1e+06,1725.11814542666,1725.77358631939,-0.0379795413447015
"Male","10 km",45,"eta","High",50,1e+06,1740.19443960687,1741.32359792393,-0.0648448294393145
"Male","10 km",46,"eta","High",50,1e+06,1755.53864101303,1757.28261960013,-0.0992429201567613
"Male","10 km",47,"eta","High",50,1e+06,1770.9493851749,1773.419520795,-0.139286592435328
"Male","10 km",48,"eta","High",50,1e+06,1786.35991122421,1789.5540536193,-0.178488176349301
"Male","10 km",49,"eta","High",50,1e+06,1801.76998926847,1805.58110139893,-0.211073993159627
"Male","10 km",50,"eta","High",50,1e+06,1817.1794934836,1821.43889644185,-0.233848248578439
"Male","10 km",51,"eta","High",50,1e+06,1832.5883368442,1837.08828968734,-0.244950276391109
"Male","10 km",52,"eta","High",50,1e+06,1847.99645717776,1852.50390973833,-0.243316763698598
"Male","10 km",53,"eta","High",50,1e+06,1863.40384416808,1867.68162589183,-0.229042341288499
"Male","10 km",54,"eta","High",50,1e+06,1878.81054744717,1882.64191287627,-0.203510046328914
"Male","10 km",55,"eta","High",50,1e+06,1894.21665689795,1897.42537972881,-0.169109302802295
"Male","10 km",56,"eta","High",50,1e+06,1909.62231249894,1912.0902355959,-0.129069384437031
"Male","10 km",57,"eta","High",50,1e+06,1925.02766045669,1926.7267283259,-0.0881841645850034
"Male","10 km",58,"eta","High",50,1e+06,1940.47562023208,1941.50824270289,-0.0531866127633007
"Male","10 km",59,"eta","High",50,1e+06,1956.17777896134,1956.68861476363,-0.0261071587185913
"Male","10 km",60,"eta","High",50,1e+06,1972.43199739553,1972.55347193008,-0.00615823785167224
"Male","10 km",61,"eta","High",50,1e+06,1989.5191823389,1989.36229475257,0.00788632551964596
"Male","10 km",62,"eta","High",50,1e+06,2007.61601494844,2007.26779969615,0.0173477227273677
"Male","10 km",63,"eta","High",50,1e+06,2026.78321372963,2026.30921813303,0.0233920663418097
"Male","10 km",64,"eta","High",50,1e+06,2046.92045771953,2046.37303503084,0.0267508748076128
"Male","10 km",65,"eta","High",50,1e+06,2067.91795643501,2067.34031893866,0.0279410937353841
"Male","10 km",66,"eta","High",50,1e+06,2089.74842939008,2089.17560913072,0.0274184830062696
"Male","10 km",67,"eta","High",50,1e+06,2112.46047006458,2111.91985881271,0.0255980950039092
"Male","10 km",68,"eta","High",50,1e+06,2136.15266727632,2135.66455432785,0.0228553190847025
"Male","10 km",69,"eta","High",50,1e+06,2160.96398983564,2160.54207134047,0.0195283628479759
"Male","10 km",70,"eta","High",50,1e+06,2187.07856784898,2186.73040814932,0.0159214733723934
"Male","10 km",71,"eta","High",50,1e+06,2214.72213040164,2214.44956216625,0.0123086224245617
"Male","10 km",72,"eta","High",50,1e+06,2244.19442185345,2243.99387766358,0.00893693123951156
"Male","10 km",73,"eta","High",50,1e+06,2275.86016696982,2275.72311847354,0.00602219554577399
"Male","10 km",74,"eta","High",50,1e+06,2309.89954402787,2309.81411975004,0.00369831828017642
"Male","10 km",75,"eta","High",50,1e+06,2345.97127584443,2345.92559918616,0.0019470633800367
"Male","10 km",76,"eta","High",50,1e+06,2383.52379339682,2383.50749167782,0.00068393823209334
"Male","10 km",77,"eta","High",50,1e+06,2422.02514219159,2422.02957149819,-0.000182875826848505
"Male","10 km",78,"eta","High",50,1e+06,2461.02106502424,2461.03932851139,-0.000742104643924879
"Male","10 km",79,"eta","High",50,1e+06,2503.46649880928,2503.49385928154,-0.00109289152652181
"Male","10 km",80,"eta","High",50,1e+06,2578.5761325488,2578.61189317164,-0.00138681679617836
"Male","Half Marathon",13,"rho","Low",1,1000,4339.47293571547,4122.63121410231,5.25978944882108
"Male","Half Marathon",14,"rho","Low",1,1000,4100.68859958004,3888.97033192751,5.44407001293825
"Male","Half Marathon",15,"rho","Low",1,1000,3972.62259710224,3767.73484686905,5.43795565665799
"Male","Half Marathon",16,"rho","Low",1,1000,3863.91448698718,3670.98456210126,5.25553626342392
"Male","Half Marathon",17,"rho","Low",1,1000,3767.16713859839,3592.66870263486,4.85707006147142
"Male","Half Marathon",18,"rho","Low",1,1000,3684.1164833356,3532.56947418432,4.28999373568664
"Male","Half Marathon",19,"rho","Low",1,1000,3615.43320019369,3488.68492413272,3.63312476813822
"Male","Half Marathon",20,"rho","Low",1,1000,3560.97369703203,3458.90483519669,2.9509011290719
"Male","Half Marathon",21,"rho","Low",1,1000,3519.95723457833,3441.14457711154,2.29030358070408
"Male","Half Marathon",22,"rho","Low",1,1000,3491.03830063359,3433.1039344139,1.68752147696285
"Male","Half Marathon",23,"rho","Low",1,1000,3472.49925662256,3432.47843235836,1.16594539639105
"Male","Half Marathon",24,"rho","Low",1,1000,3462.54696042823,3437.24012464831,0.736254519969082
"Male","Half Marathon",25,"rho","Low",1,1000,3459.47645438757,3445.70602342357,0.39964033119464
"Male","Half Marathon",26,"rho","Low",1,1000,3461.70286225003,3456.47799586902,0.151161569298486
"Male","Half Marathon",27,"rho","Low",1,1000,3467.90591794705,3468.51480758905,-0.0175547655343999
"Male","Half Marathon",28,"rho","Low",1,1000,3477.04171676139,3481.08988728785,-0.116290318766121
"Male","Half Marathon",29,"rho","Low",1,1000,3488.39101274357,3493.80250526608,-0.154888334825831
"Male","Half Marathon",30,"rho","Low",1,1000,3501.44911390257,3506.44551142074,-0.142491805502176
"Male","Half Marathon",31,"rho","Low",1,1000,3515.84993063822,3518.92024381593,-0.0872515705095167
"Male","Half Marathon",32,"rho","Low",1,1000,3531.40595521826,3531.27854518888,0.00360804246257729
"Male","Half Marathon",33,"rho","Low",1,1000,3548.10909863233,3543.73513819995,0.1234279725147
"Male","Half Marathon",34,"rho","Low",1,1000,3566.12341346684,3556.66569941767,0.265915181477894
"Male","Half Marathon",35,"rho","Low",1,1000,3585.69928841368,3570.44797003207,0.427154197725832
"Male","Half Marathon",36,"rho","Low",1,1000,3607.05895803773,3585.23708304038,0.608659190226946
"Male","Half Marathon",37,"rho","Low",1,1000,3630.3526873633,3601.09978259121,0.812332524455606
"Male","Half Marathon",38,"rho","Low",1,1000,3655.66541170923,3618.161481908,1.03654659939185
"Male","Half Marathon",39,"rho","Low",1,1000,3683.02305672622,3636.67310778251,1.2745151288007
"Male","Half Marathon",40,"rho","Low",1,1000,3712.39938344063,3657.0684590856,1.51298574183258
"Male","Half Marathon",41,"rho","Low",1,1000,3743.65652104411,3679.95498783429,1.73104109752469
"Male","Half Marathon",42,"rho","Low",1,1000,3776.47728285676,3706.09486555986,1.8990991825641
"Male","Half Marathon",43,"rho","Low",1,1000,3810.47150261764,3736.42747059084,1.98167989636093
"Male","Half Marathon",44,"rho","Low",1,1000,3845.16200320189,3771.10324667595,1.9638485525747
"Male","Half Marathon",45,"rho","Low",1,1000,3879.99519734352,3808.07837349654,1.88853318638367
"Male","Half Marathon",46,"rho","Low",1,1000,3914.73035313959,3845.2499333914,1.80691556990455
"Male","Half Marathon",47,"rho","Low",1,1000,3949.30156950495,3882.00199650012,1.73363056138303
"Male","Half Marathon",48,"rho","Low",1,1000,3983.70179242791,3918.16559249778,1.67262455817634
"Male","Half Marathon",49,"rho","Low",1,1000,4017.92726532152,3953.60857639417,1.62683502133671
"Male","Half Marathon",50,"rho","Low",1,1000,4051.97623164076,3988.26602831194,1.59744116557303
"Male","Half Marathon",51,"rho","Low",1,1000,4085.82986764459,4022.08351425007,1.58490874614285
"Male","Half Marathon",52,"rho","Low",1,1000,4119.42397118238,4054.83893297077,1.59278923970219
"Male","Half Marathon",53,"rho","Low",1,1000,4152.72133111123,4086.36397985379,1.62387275300457
"Male","Half Marathon",54,"rho","Low",1,1000,4185.72975868813,4116.59758675251,1.679352195077
"Male","Half Marathon",55,"rho","Low",1,1000,4218.49589999121,4145.57386687624,1.75903350070845
"Male","Half Marathon",56,"rho","Low",1,1000,4251.08171649277,4173.39931306281,1.86137001524902
"Male","Half Marathon",57,"rho","Low",1,1000,4283.50224113993,4200.21453093244,1.98293943307235
"Male","Half Marathon",58,"rho","Low",1,1000,4315.84996894346,4226.2213357828,2.12077470722565
"Male","Half Marathon",59,"rho","Low",1,1000,4348.77584842726,4251.93026143551,2.27768521676204
"Male","Half Marathon",60,"rho","Low",1,1000,4383.69047333646,4279.42267202212,2.43649223985325
"Male","Half Marathon",61,"rho","Low",1,1000,4422.09440846078,4311.35796662576,2.56848173341737
"Male","Half Marathon",62,"rho","Low",1,1000,4465.01084057953,4348.3381435775,2.68315602765059
"Male","Half Marathon",63,"rho","Low",1,1000,4512.95474485081,4390.01402651682,2.80046299604961
"Male","Half Marathon",64,"rho","Low",1,1000,4566.01722288426,4436.194197748,2.92645045165429
"Male","Half Marathon",65,"rho","Low",1,1000,4624.04741885822,4487.21487574033,3.04938691163779
"Male","Half Marathon",66,"rho","Low",1,1000,4687.0525827964,4544.38197450142,3.1394941951514
"Male","Half Marathon",67,"rho","Low",1,1000,4755.21956629384,4609.82255366239,3.15406961849196
"Male","Half Marathon",68,"rho","Low",1,1000,4828.7408047027,4684.8652211997,3.07107198840955
"Male","Half Marathon",69,"rho","Low",1,1000,4907.36655661054,4767.4955839434,2.93384587786962
"Male","Half Marathon",70,"rho","Low",1,1000,4990.4985125757,4854.56132175775,2.80019515272554
"Male","Half Marathon",71,"rho","Low",1,1000,5077.16629932705,4943.29245063107,2.70819195977143
"Male","Half Marathon",72,"rho","Low",1,1000,5166.20262004207,5031.9899566526,2.66718861813375
"Male","Half Marathon",73,"rho","Low",1,1000,5256.5762063659,5120.36338518175,2.66021785833299
"Male","Half Marathon",74,"rho","Low",1,1000,5347.48399452326,5208.3946408984,2.67048415518809
"Male","Half Marathon",75,"rho","Low",1,1000,5438.44081354575,5296.29659063425,2.68384182190358
"Male","Half Marathon",76,"rho","Low",1,1000,5529.37872054348,5385.40836302729,2.67334151490903
"Male","Half Marathon",77,"rho","Low",1,1000,5620.29672706137,5477.01106369126,2.61612879185131
"Male","Half Marathon",78,"rho","Low",1,1000,5710.99842160523,5570.25390377671,2.52671638061399
"Male","Half Marathon",79,"rho","Low",1,1000,5808.54553895177,5672.26379437536,2.40259884795107
"Male","Half Marathon",80,"rho","Low",1,1000,5980.32205094595,5854.94777074415,2.14133900268527
"Male","Half Marathon",13,"rho","Current",50,1000,4122.63121410231,4122.63121410231,0
"Male","Half Marathon",14,"rho","Current",50,1000,3888.97033192751,3888.97033192751,0
"Male","Half Marathon",15,"rho","Current",50,1000,3767.73484686905,3767.73484686905,0
"Male","Half Marathon",16,"rho","Current",50,1000,3670.98456210126,3670.98456210126,0
"Male","Half Marathon",17,"rho","Current",50,1000,3592.66870263486,3592.66870263486,0
"Male","Half Marathon",18,"rho","Current",50,1000,3532.56947418432,3532.56947418432,0
"Male","Half Marathon",19,"rho","Current",50,1000,3488.68492413272,3488.68492413272,0
"Male","Half Marathon",20,"rho","Current",50,1000,3458.90483519669,3458.90483519669,0
"Male","Half Marathon",21,"rho","Current",50,1000,3441.14457711154,3441.14457711154,0
"Male","Half Marathon",22,"rho","Current",50,1000,3433.1039344139,3433.1039344139,0
"Male","Half Marathon",23,"rho","Current",50,1000,3432.47843235836,3432.47843235836,0
"Male","Half Marathon",24,"rho","Current",50,1000,3437.24012464831,3437.24012464831,0
"Male","Half Marathon",25,"rho","Current",50,1000,3445.70602342357,3445.70602342357,0
"Male","Half Marathon",26,"rho","Current",50,1000,3456.47799586902,3456.47799586902,0
"Male","Half Marathon",27,"rho","Current",50,1000,3468.51480758905,3468.51480758905,0
"Male","Half Marathon",28,"rho","Current",50,1000,3481.08988728785,3481.08988728785,0
"Male","Half Marathon",29,"rho","Current",50,1000,3493.80250526608,3493.80250526608,0
"Male","Half Marathon",30,"rho","Current",50,1000,3506.44551142074,3506.44551142074,0
"Male","Half Marathon",31,"rho","Current",50,1000,3518.92024381593,3518.92024381593,0
"Male","Half Marathon",32,"rho","Current",50,1000,3531.27854518888,3531.27854518888,0
"Male","Half Marathon",33,"rho","Current",50,1000,3543.73513819995,3543.73513819995,0
"Male","Half Marathon",34,"rho","Current",50,1000,3556.66569941767,3556.66569941767,0
"Male","Half Marathon",35,"rho","Current",50,1000,3570.44797003207,3570.44797003207,0
"Male","Half Marathon",36,"rho","Current",50,1000,3585.23708304038,3585.23708304038,0
"Male","Half Marathon",37,"rho","Current",50,1000,3601.09978259121,3601.09978259121,0
"Male","Half Marathon",38,"rho","Current",50,1000,3618.161481908,3618.161481908,0
"Male","Half Marathon",39,"rho","Current",50,1000,3636.67310778251,3636.67310778251,0
"Male","Half Marathon",40,"rho","Current",50,1000,3657.0684590856,3657.0684590856,0
"Male","Half Marathon",41,"rho","Current",50,1000,3679.95498783429,3679.95498783429,0
"Male","Half Marathon",42,"rho","Current",50,1000,3706.09486555986,3706.09486555986,0
"Male","Half Marathon",43,"rho","Current",50,1000,3736.42747059084,3736.42747059084,0
"Male","Half Marathon",44,"rho","Current",50,1000,3771.10324667595,3771.10324667595,0
"Male","Half Marathon",45,"rho","Current",50,1000,3808.07837349654,3808.07837349654,0
"Male","Half Marathon",46,"rho","Current",50,1000,3845.2499333914,3845.2499333914,0
"Male","Half Marathon",47,"rho","Current",50,1000,3882.00199650012,3882.00199650012,0
"Male","Half Marathon",48,"rho","Current",50,1000,3918.16559249778,3918.16559249778,0
"Male","Half Marathon",49,"rho","Current",50,1000,3953.60857639417,3953.60857639417,0
"Male","Half Marathon",50,"rho","Current",50,1000,3988.26602831194,3988.26602831194,0
"Male","Half Marathon",51,"rho","Current",50,1000,4022.08351425007,4022.08351425007,0
"Male","Half Marathon",52,"rho","Current",50,1000,4054.83893297077,4054.83893297077,0
"Male","Half Marathon",53,"rho","Current",50,1000,4086.36397985379,4086.36397985379,0
"Male","Half Marathon",54,"rho","Current",50,1000,4116.59758675251,4116.59758675251,0
"Male","Half Marathon",55,"rho","Current",50,1000,4145.57386687624,4145.57386687624,0
"Male","Half Marathon",56,"rho","Current",50,1000,4173.39931306281,4173.39931306281,0
"Male","Half Marathon",57,"rho","Current",50,1000,4200.21453093244,4200.21453093244,0
"Male","Half Marathon",58,"rho","Current",50,1000,4226.2213357828,4226.2213357828,0
"Male","Half Marathon",59,"rho","Current",50,1000,4251.93026143551,4251.93026143551,0
"Male","Half Marathon",60,"rho","Current",50,1000,4279.42267202212,4279.42267202212,0
"Male","Half Marathon",61,"rho","Current",50,1000,4311.35796662576,4311.35796662576,0
"Male","Half Marathon",62,"rho","Current",50,1000,4348.3381435775,4348.3381435775,0
"Male","Half Marathon",63,"rho","Current",50,1000,4390.01402651682,4390.01402651682,0
"Male","Half Marathon",64,"rho","Current",50,1000,4436.194197748,4436.194197748,0
"Male","Half Marathon",65,"rho","Current",50,1000,4487.21487574033,4487.21487574033,0
"Male","Half Marathon",66,"rho","Current",50,1000,4544.38197450142,4544.38197450142,0
"Male","Half Marathon",67,"rho","Current",50,1000,4609.82255366239,4609.82255366239,0
"Male","Half Marathon",68,"rho","Current",50,1000,4684.8652211997,4684.8652211997,0
"Male","Half Marathon",69,"rho","Current",50,1000,4767.4955839434,4767.4955839434,0
"Male","Half Marathon",70,"rho","Current",50,1000,4854.56132175775,4854.56132175775,0
"Male","Half Marathon",71,"rho","Current",50,1000,4943.29245063107,4943.29245063107,0
"Male","Half Marathon",72,"rho","Current",50,1000,5031.9899566526,5031.9899566526,0
"Male","Half Marathon",73,"rho","Current",50,1000,5120.36338518175,5120.36338518175,0
"Male","Half Marathon",74,"rho","Current",50,1000,5208.3946408984,5208.3946408984,0
"Male","Half Marathon",75,"rho","Current",50,1000,5296.29659063425,5296.29659063425,0
"Male","Half Marathon",76,"rho","Current",50,1000,5385.40836302729,5385.40836302729,0
"Male","Half Marathon",77,"rho","Current",50,1000,5477.01106369126,5477.01106369126,0
"Male","Half Marathon",78,"rho","Current",50,1000,5570.25390377671,5570.25390377671,0
"Male","Half Marathon",79,"rho","Current",50,1000,5672.26379437536,5672.26379437536,0
"Male","Half Marathon",80,"rho","Current",50,1000,5854.94777074415,5854.94777074415,0
"Male","Half Marathon",13,"rho","High",1000,1000,4098.20187707448,4122.63121410231,-0.592566634247194
"Male","Half Marathon",14,"rho","High",1000,1000,3863.71090996999,3888.97033192751,-0.649514390740991
"Male","Half Marathon",15,"rho","High",1000,1000,3742.48846748071,3767.73484686905,-0.670067836894661
"Male","Half Marathon",16,"rho","High",1000,1000,3646.70740765453,3670.98456210126,-0.661325430168236
"Male","Half Marathon",17,"rho","High",1000,1000,3570.93341449146,3592.66870263486,-0.604990048969967
"Male","Half Marathon",18,"rho","High",1000,1000,3514.64838452015,3532.56947418432,-0.507310324542387
"Male","Half Marathon",19,"rho","High",1000,1000,3475.11442578455,3488.68492413272,-0.388986069056874
"Male","Half Marathon",20,"rho","High",1000,1000,3449.53739158882,3458.90483519669,-0.270821085117845
"Male","Half Marathon",21,"rho","High",1000,1000,3435.36346153625,3441.14457711154,-0.167999787446838
"Male","Half Marathon",22,"rho","High",1000,1000,3430.17470930586,3433.1039344139,-0.0853229370272435
"Male","Half Marathon",23,"rho","High",1000,1000,3431.71623169174,3432.47843235836,-0.0222055486040262
"Male","Half Marathon",24,"rho","High",1000,1000,3438.04558965943,3437.24012464831,0.0234334809879444
"Male","Half Marathon",25,"rho","High",1000,1000,3447.57131451627,3445.70602342357,0.0541337850652912
"Male","Half Marathon",26,"rho","High",1000,1000,3458.98281679669,3456.47799586902,0.0724674345002452
"Male","Half Marathon",27,"rho","High",1000,1000,3471.31562392226,3468.51480758905,0.0807497297425241
"Male","Half Marathon",28,"rho","High",1000,1000,3483.90498825465,3481.08988728785,0.0808683790982201
"Male","Half Marathon",29,"rho","High",1000,1000,3496.39508699056,3493.80250526608,0.074205159581342
"Male","Half Marathon",30,"rho","High",1000,1000,3508.6065773422,3506.44551142074,0.0616312420773424
"Male","Half Marathon",31,"rho","High",1000,1000,3520.45283780762,3518.92024381593,0.0435529618604047
"Male","Half Marathon",32,"rho","High",1000,1000,3531.98465633848,3531.27854518888,0.0199959063145405
"Male","Half Marathon",33,"rho","High",1000,1000,3543.40653540176,3543.73513819995,-0.009272780988967
"Male","Half Marathon",34,"rho","High",1000,1000,3555.08021076752,3556.66569941767,-0.0445779498031151
"Male","Half Marathon",35,"rho","High",1000,1000,3567.37406672124,3570.44797003207,-0.0860929311006675
"Male","Half Marathon",36,"rho","High",1000,1000,3580.44892196155,3585.23708304038,-0.133552146425264
"Male","Half Marathon",37,"rho","High",1000,1000,3594.39895454455,3601.09978259121,-0.186077266702178
"Male","Half Marathon",38,"rho","High",1000,1000,3609.40760680776,3618.161481908,-0.241942631472225
"Male","Half Marathon",39,"rho","High",1000,1000,3625.82600369333,3636.67310778251,-0.298269978293197
"Male","Half Marathon",40,"rho","High",1000,1000,3644.24351530798,3657.0684590856,-0.3506891905663
"Male","Half Marathon",41,"rho","High",1000,1000,3665.49537177181,3679.95498783429,-0.392929155663069
"Male","Half Marathon",42,"rho","High",1000,1000,3690.66143881239,3706.09486555986,-0.416433666900573
"Male","Half Marathon",43,"rho","High",1000,1000,3721.05006614005,3736.42747059084,-0.411553671838238
"Male","Half Marathon",44,"rho","High",1000,1000,3756.93659938462,3771.10324667595,-0.375663204231313
"Male","Half Marathon",45,"rho","High",1000,1000,3795.75736629004,3808.07837349654,-0.32354920245985
"Male","Half Marathon",46,"rho","High",1000,1000,3834.8226245192,3845.2499333914,-0.271173761207411
"Male","Half Marathon",47,"rho","High",1000,1000,3873.32895425547,3882.00199650012,-0.22341673838574
"Male","Half Marathon",48,"rho","High",1000,1000,3911.01902359259,3918.16559249778,-0.182395785386813
"Male","Half Marathon",49,"rho","High",1000,1000,3947.67208100765,3953.60857639417,-0.150153847347634
"Male","Half Marathon",50,"rho","High",1000,1000,3983.13877924844,3988.26602831194,-0.128558351602059
"Male","Half Marathon",51,"rho","High",1000,1000,4017.29847758442,4022.08351425007,-0.118969102672828
"Male","Half Marathon",52,"rho","High",1000,1000,4049.94916172374,4054.83893297077,-0.120591010588944
"Male","Half Marathon",53,"rho","High",1000,1000,4080.95982789529,4086.36397985379,-0.132248423907955
"Male","Half Marathon",54,"rho","High",1000,1000,4110.30796702164,4116.59758675251,-0.152786848807118
"Male","Half Marathon",55,"rho","High",1000,1000,4138.07138880212,4145.57386687624,-0.180975621591595
"Male","Half Marathon",56,"rho","High",1000,1000,4164.40562480614,4173.39931306281,-0.215500305195371
"Male","Half Marathon",57,"rho","High",1000,1000,4189.50723666162,4200.21453093244,-0.254922556740045
"Male","Half Marathon",58,"rho","High",1000,1000,4213.63972059102,4226.2213357828,-0.297703650427894
"Male","Half Marathon",59,"rho","High",1000,1000,4237.39068820349,4251.93026143551,-0.341952297851478
"Male","Half Marathon",60,"rho","High",1000,1000,4263.03872641158,4279.42267202212,-0.38285411061757
"Male","Half Marathon",61,"rho","High",1000,1000,4293.5251450265,4311.35796662576,-0.413624239446386
"Male","Half Marathon",62,"rho","High",1000,1000,4329.37555591327,4348.3381435775,-0.436088156856851
"Male","Half Marathon",63,"rho","High",1000,1000,4370.0341947365,4390.01402651682,-0.455119998697917
"Male","Half Marathon",64,"rho","High",1000,1000,4415.18938980347,4436.194197748,-0.473487115491655
"Male","Half Marathon",65,"rho","High",1000,1000,4465.18198498999,4487.21487574033,-0.491014835716008
"Male","Half Marathon",66,"rho","High",1000,1000,4521.45379503277,4544.38197450142,-0.504539002163584
"Male","Half Marathon",67,"rho","High",1000,1000,4586.37746060863,4609.82255366239,-0.508589924684477
"Male","Half Marathon",68,"rho","High",1000,1000,4661.44777643841,4684.8652211997,-0.499853115417792
"Male","Half Marathon",69,"rho","High",1000,1000,4744.46265730589,4767.4955839434,-0.483124236445664
"Male","Half Marathon",70,"rho","High",1000,1000,4832.00897591315,4854.56132175775,-0.46455991282931
"Male","Half Marathon",71,"rho","High",1000,1000,4921.19013247181,4943.29245063107,-0.447117349013781
"Male","Half Marathon",72,"rho","High",1000,1000,5010.31936659943,5031.9899566526,-0.430656464735435
"Male","Half Marathon",73,"rho","High",1000,1000,5099.12956697762,5120.36338518175,-0.414693579474945
"Male","Half Marathon",74,"rho","High",1000,1000,5187.63452647532,5208.3946408984,-0.398589505105185
"Male","Half Marathon",75,"rho","High",1000,1000,5276.28894074775,5296.29659063425,-0.377766795044654
"Male","Half Marathon",76,"rho","High",1000,1000,5367.18938241583,5385.40836302729,-0.338302676107849
"Male","Half Marathon",77,"rho","High",1000,1000,5462.06120239634,5477.01106369126,-0.272956565562388
"Male","Half Marathon",78,"rho","High",1000,1000,5559.72640414946,5570.25390377671,-0.188994968795175
"Male","Half Marathon",79,"rho","High",1000,1000,5667.16974575035,5672.26379437536,-0.089806271528925
"Male","Half Marathon",80,"rho","High",1000,1000,5859.71346570083,5854.94777074415,0.0813960285093174
"Male","Half Marathon",13,"eta","Low",50,0,4122.63040750389,4122.63121410231,-1.95651363998905e-05
"Male","Half Marathon",14,"eta","Low",50,0,3888.97024924641,3888.97033192751,-2.12604093219326e-06
"Male","Half Marathon",15,"eta","Low",50,0,3767.73518344887,3767.73484686905,8.93321419059845e-06
"Male","Half Marathon",16,"eta","Low",50,0,3670.98526668512,3670.98456210126,1.91933214210849e-05
"Male","Half Marathon",17,"eta","Low",50,0,3592.66962702605,3592.66870263486,2.57299312744763e-05
"Male","Half Marathon",18,"eta","Low",50,0,3532.57020675296,3532.56947418432,2.07375579597269e-05
"Male","Half Marathon",19,"eta","Low",50,0,3488.68473408656,3488.68492413272,-5.44750132780436e-06
"Male","Half Marathon",20,"eta","Low",50,0,3458.90268184879,3458.90483519669,-6.22551936224625e-05
"Male","Half Marathon",21,"eta","Low",50,0,3441.13925977064,3441.14457711154,-0.000154522449724581
"Male","Half Marathon",22,"eta","Low",50,0,3433.09443804622,3433.1039344139,-0.000276611715266384
"Male","Half Marathon",23,"eta","Low",50,0,3432.46410946739,3432.47843235836,-0.000417275483388657
"Male","Half Marathon",24,"eta","Low",50,0,3437.22077428773,3437.24012464831,-0.000562962140537859
"Male","Half Marathon",25,"eta","Low",50,0,3445.68198112628,3445.70602342357,-0.000697746619093831
"Male","Half Marathon",26,"eta","Low",50,0,3456.45025387764,3456.47799586902,-0.000802608649930203
"Male","Half Marathon",27,"eta","Low",50,0,3468.48516304042,3468.51480758905,-0.000854675567796281
"Male","Half Marathon",28,"eta","Low",50,0,3481.061111842,3481.08988728785,-0.00082662174143433
"Male","Half Marathon",29,"eta","Low",50,0,3493.77852459504,3493.80250526608,-0.000686377406811101
"Male","Half Marathon",30,"eta","Low",50,0,3506.43157686197,3506.44551142074,-0.000397398411833283
"Male","Half Marathon",31,"eta","Low",50,0,3518.92307129934,3518.92024381593,8.03508806823672e-05
"Male","Half Marathon",32,"eta","Low",50,0,3531.30638833009,3531.27854518888,0.000788471961499226
"Male","Half Marathon",33,"eta","Low",50,0,3543.79775343647,3543.73513819995,0.00176692766462594
"Male","Half Marathon",34,"eta","Low",50,0,3556.7732369422,3556.66569941767,0.00302354884087475
"Male","Half Marathon",35,"eta","Low",50,0,3570.60324343456,3570.44797003207,0.00434884932625224
"Male","Half Marathon",36,"eta","Low",50,0,3585.41842611591,3585.23708304038,0.00505804975590163
"Male","Half Marathon",37,"eta","Low",50,0,3601.2528061964,3601.09978259121,0.00424935754157474
"Male","Half Marathon",38,"eta","Low",50,0,3618.19713922683,3618.161481908,0.000985509325768241
"Male","Half Marathon",39,"eta","Low",50,0,3636.46692350871,3636.67310778251,-0.00566958502145054
"Male","Half Marathon",40,"eta","Low",50,0,3656.46114821286,3657.0684590856,-0.0166064945062105
"Male","Half Marathon",41,"eta","Low",50,0,3678.75873463711,3679.95498783429,-0.0325072779729929
"Male","Half Marathon",42,"eta","Low",50,0,3704.10799211543,3706.09486555986,-0.0536109710221111
"Male","Half Marathon",43,"eta","Low",50,0,3733.47213024539,3736.42747059084,-0.0790953489316681
"Male","Half Marathon",44,"eta","Low",50,0,3767.23990392691,3771.10324667595,-0.102445955369779
"Male","Half Marathon",45,"eta","Low",50,0,3804.00382213394,3808.07837349654,-0.10699757103102
"Male","Half Marathon",46,"eta","Low",50,0,3841.98200471533,3845.2499333914,-0.0849861187875778
"Male","Half Marathon",47,"eta","Low",50,0,3879.97154241365,3882.00199650012,-0.0523043029937886
"Male","Half Marathon",48,"eta","Low",50,0,3917.49906643668,3918.16559249778,-0.0170111764132397
"Male","Half Marathon",49,"eta","Low",50,0,3954.62580971771,3953.60857639417,0.0257292370724471
"Male","Half Marathon",50,"eta","Low",50,0,3991.74429163035,3988.26602831194,0.0872124199770452
"Male","Half Marathon",51,"eta","Low",50,0,4028.92185228738,4022.08351425007,0.170019792306153
"Male","Half Marathon",52,"eta","Low",50,0,4065.0976348786,4054.83893297077,0.252998998910137
"Male","Half Marathon",53,"eta","Low",50,0,4099.08754177694,4086.36397985379,0.311366339021246
"Male","Half Marathon",54,"eta","Low",50,0,4130.24844402475,4116.59758675251,0.331605336313867
"Male","Half Marathon",55,"eta","Low",50,0,4158.50539891502,4145.57386687624,0.311935873151437
"Male","Half Marathon",56,"eta","Low",50,0,4184.10648948325,4173.39931306281,0.256557679178271
"Male","Half Marathon",57,"eta","Low",50,0,4207.38797078596,4200.21453093244,0.170787463370892
"Male","Half Marathon",58,"eta","Low",50,0,4229.2237057164,4226.2213357828,0.0710414740509702
"Male","Half Marathon",59,"eta","Low",50,0,4251.44851988544,4251.93026143551,-0.0113299494688412
"Male","Half Marathon",60,"eta","Low",50,0,4276.83110945683,4279.42267202212,-0.0605586959714355
"Male","Half Marathon",61,"eta","Low",50,0,4307.72217935638,4311.35796662576,-0.0843304429260838
"Male","Half Marathon",62,"eta","Low",50,0,4344.37520713354,4348.3381435775,-0.0911368047540217
"Male","Half Marathon",63,"eta","Low",50,0,4386.23836805647,4390.01402651682,-0.0860056126823605
"Male","Half Marathon",64,"eta","Low",50,0,4432.96333506436,4436.194197748,-0.0728296043775445
"Male","Half Marathon",65,"eta","Low",50,0,4484.75226834861,4487.21487574033,-0.0548805319094292
"Male","Half Marathon",66,"eta","Low",50,0,4542.79674930723,4544.38197450142,-0.0348831855043308
"Male","Half Marathon",67,"eta","Low",50,0,4609.13055391792,4609.82255366239,-0.0150114182576822
"Male","Half Marathon",68,"eta","Low",50,0,4685.04597072179,4684.8652211997,0.00385815842198767
"Male","Half Marathon",69,"eta","Low",50,0,4768.60260781996,4767.4955839434,0.0232202391606595
"Male","Half Marathon",70,"eta","Low",50,0,4856.76215886557,4854.56132175775,0.0453354476738221
"Male","Half Marathon",71,"eta","Low",50,0,4946.77599314808,4943.29245063107,0.0704700875339359
"Male","Half Marathon",72,"eta","Low",50,0,5036.53784024033,5031.9899566526,0.0903794249772716
"Male","Half Marathon",73,"eta","Low",50,0,5124.89778703251,5120.36338518175,0.0885562509856719
"Male","Half Marathon",74,"eta","Low",50,0,5211.74688378901,5208.3946408984,0.0643623058876219
"Male","Half Marathon",75,"eta","Low",50,0,5298.09810066423,5296.29659063425,0.0340145231511713
"Male","Half Marathon",76,"eta","Low",50,0,5385.99286802666,5385.40836302729,0.0108534944792682
"Male","Half Marathon",77,"eta","Low",50,0,5476.88286473475,5477.01106369126,-0.00234067368169999
"Male","Half Marathon",78,"eta","Low",50,0,5569.7995949335,5570.25390377671,-0.00815598087726688
"Male","Half Marathon",79,"eta","Low",50,0,5671.69188100415,5672.26379437536,-0.0100826300035606
"Male","Half Marathon",80,"eta","Low",50,0,5854.30163252042,5854.94777074415,-0.0110357640927705
"Male","Half Marathon",13,"eta","Current",50,1000,4122.63121410231,4122.63121410231,0
"Male","Half Marathon",14,"eta","Current",50,1000,3888.97033192751,3888.97033192751,0
"Male","Half Marathon",15,"eta","Current",50,1000,3767.73484686905,3767.73484686905,0
"Male","Half Marathon",16,"eta","Current",50,1000,3670.98456210126,3670.98456210126,0
"Male","Half Marathon",17,"eta","Current",50,1000,3592.66870263486,3592.66870263486,0
"Male","Half Marathon",18,"eta","Current",50,1000,3532.56947418432,3532.56947418432,0
"Male","Half Marathon",19,"eta","Current",50,1000,3488.68492413272,3488.68492413272,0
"Male","Half Marathon",20,"eta","Current",50,1000,3458.90483519669,3458.90483519669,0
"Male","Half Marathon",21,"eta","Current",50,1000,3441.14457711154,3441.14457711154,0
"Male","Half Marathon",22,"eta","Current",50,1000,3433.1039344139,3433.1039344139,0
"Male","Half Marathon",23,"eta","Current",50,1000,3432.47843235836,3432.47843235836,0
"Male","Half Marathon",24,"eta","Current",50,1000,3437.24012464831,3437.24012464831,0
"Male","Half Marathon",25,"eta","Current",50,1000,3445.70602342357,3445.70602342357,0
"Male","Half Marathon",26,"eta","Current",50,1000,3456.47799586902,3456.47799586902,0
"Male","Half Marathon",27,"eta","Current",50,1000,3468.51480758905,3468.51480758905,0
"Male","Half Marathon",28,"eta","Current",50,1000,3481.08988728785,3481.08988728785,0
"Male","Half Marathon",29,"eta","Current",50,1000,3493.80250526608,3493.80250526608,0
"Male","Half Marathon",30,"eta","Current",50,1000,3506.44551142074,3506.44551142074,0
"Male","Half Marathon",31,"eta","Current",50,1000,3518.92024381593,3518.92024381593,0
"Male","Half Marathon",32,"eta","Current",50,1000,3531.27854518888,3531.27854518888,0
"Male","Half Marathon",33,"eta","Current",50,1000,3543.73513819995,3543.73513819995,0
"Male","Half Marathon",34,"eta","Current",50,1000,3556.66569941767,3556.66569941767,0
"Male","Half Marathon",35,"eta","Current",50,1000,3570.44797003207,3570.44797003207,0
"Male","Half Marathon",36,"eta","Current",50,1000,3585.23708304038,3585.23708304038,0
"Male","Half Marathon",37,"eta","Current",50,1000,3601.09978259121,3601.09978259121,0
"Male","Half Marathon",38,"eta","Current",50,1000,3618.161481908,3618.161481908,0
"Male","Half Marathon",39,"eta","Current",50,1000,3636.67310778251,3636.67310778251,0
"Male","Half Marathon",40,"eta","Current",50,1000,3657.0684590856,3657.0684590856,0
"Male","Half Marathon",41,"eta","Current",50,1000,3679.95498783429,3679.95498783429,0
"Male","Half Marathon",42,"eta","Current",50,1000,3706.09486555986,3706.09486555986,0
"Male","Half Marathon",43,"eta","Current",50,1000,3736.42747059084,3736.42747059084,0
"Male","Half Marathon",44,"eta","Current",50,1000,3771.10324667595,3771.10324667595,0
"Male","Half Marathon",45,"eta","Current",50,1000,3808.07837349654,3808.07837349654,0
"Male","Half Marathon",46,"eta","Current",50,1000,3845.2499333914,3845.2499333914,0
"Male","Half Marathon",47,"eta","Current",50,1000,3882.00199650012,3882.00199650012,0
"Male","Half Marathon",48,"eta","Current",50,1000,3918.16559249778,3918.16559249778,0
"Male","Half Marathon",49,"eta","Current",50,1000,3953.60857639417,3953.60857639417,0
"Male","Half Marathon",50,"eta","Current",50,1000,3988.26602831194,3988.26602831194,0
"Male","Half Marathon",51,"eta","Current",50,1000,4022.08351425007,4022.08351425007,0
"Male","Half Marathon",52,"eta","Current",50,1000,4054.83893297077,4054.83893297077,0
"Male","Half Marathon",53,"eta","Current",50,1000,4086.36397985379,4086.36397985379,0
"Male","Half Marathon",54,"eta","Current",50,1000,4116.59758675251,4116.59758675251,0
"Male","Half Marathon",55,"eta","Current",50,1000,4145.57386687624,4145.57386687624,0
"Male","Half Marathon",56,"eta","Current",50,1000,4173.39931306281,4173.39931306281,0
"Male","Half Marathon",57,"eta","Current",50,1000,4200.21453093244,4200.21453093244,0
"Male","Half Marathon",58,"eta","Current",50,1000,4226.2213357828,4226.2213357828,0
"Male","Half Marathon",59,"eta","Current",50,1000,4251.93026143551,4251.93026143551,0
"Male","Half Marathon",60,"eta","Current",50,1000,4279.42267202212,4279.42267202212,0
"Male","Half Marathon",61,"eta","Current",50,1000,4311.35796662576,4311.35796662576,0
"Male","Half Marathon",62,"eta","Current",50,1000,4348.3381435775,4348.3381435775,0
"Male","Half Marathon",63,"eta","Current",50,1000,4390.01402651682,4390.01402651682,0
"Male","Half Marathon",64,"eta","Current",50,1000,4436.194197748,4436.194197748,0
"Male","Half Marathon",65,"eta","Current",50,1000,4487.21487574033,4487.21487574033,0
"Male","Half Marathon",66,"eta","Current",50,1000,4544.38197450142,4544.38197450142,0
"Male","Half Marathon",67,"eta","Current",50,1000,4609.82255366239,4609.82255366239,0
"Male","Half Marathon",68,"eta","Current",50,1000,4684.8652211997,4684.8652211997,0
"Male","Half Marathon",69,"eta","Current",50,1000,4767.4955839434,4767.4955839434,0
"Male","Half Marathon",70,"eta","Current",50,1000,4854.56132175775,4854.56132175775,0
"Male","Half Marathon",71,"eta","Current",50,1000,4943.29245063107,4943.29245063107,0
"Male","Half Marathon",72,"eta","Current",50,1000,5031.9899566526,5031.9899566526,0
"Male","Half Marathon",73,"eta","Current",50,1000,5120.36338518175,5120.36338518175,0
"Male","Half Marathon",74,"eta","Current",50,1000,5208.3946408984,5208.3946408984,0
"Male","Half Marathon",75,"eta","Current",50,1000,5296.29659063425,5296.29659063425,0
"Male","Half Marathon",76,"eta","Current",50,1000,5385.40836302729,5385.40836302729,0
"Male","Half Marathon",77,"eta","Current",50,1000,5477.01106369126,5477.01106369126,0
"Male","Half Marathon",78,"eta","Current",50,1000,5570.25390377671,5570.25390377671,0
"Male","Half Marathon",79,"eta","Current",50,1000,5672.26379437536,5672.26379437536,0
"Male","Half Marathon",80,"eta","Current",50,1000,5854.94777074415,5854.94777074415,0
"Male","Half Marathon",13,"eta","High",50,1e+06,4122.62817236941,4122.63121410231,-7.37813484308347e-05
"Male","Half Marathon",14,"eta","High",50,1e+06,3888.96951113186,3888.97033192751,-2.11057319843277e-05
"Male","Half Marathon",15,"eta","High",50,1e+06,3767.73532744595,3767.73484686905,1.27550615847127e-05
"Male","Half Marathon",16,"eta","High",50,1e+06,3670.98625328231,3670.98456210126,4.60688687198285e-05
"Male","Half Marathon",17,"eta","High",50,1e+06,3592.67138950952,3592.66870263486,7.47877104023686e-05
"Male","Half Marathon",18,"eta","High",50,1e+06,3532.57241884803,3532.56947418432,8.33575597880554e-05
"Male","Half Marathon",19,"eta","High",50,1e+06,3488.6867312602,3488.68492413272,5.17996757931627e-05
"Male","Half Marathon",20,"eta","High",50,1e+06,3458.90343407871,3458.90483519669,-4.05075609832828e-05
"Male","Half Marathon",21,"eta","High",50,1e+06,3441.13731002065,3441.14457711154,-0.000211182376197439
"Male","Half Marathon",22,"eta","High",50,1e+06,3433.08778542507,3433.1039344139,-0.000470390327311776
"Male","Half Marathon",23,"eta","High",50,1e+06,3432.45017439273,3432.47843235836,-0.000823252532577978
"Male","Half Marathon",24,"eta","High",50,1e+06,3437.19643903655,3437.24012464831,-0.00127095024432533
"Male","Half Marathon",25,"eta","High",50,1e+06,3445.64368341634,3445.70602342357,-0.00180920852800304
"Male","Half Marathon",26,"eta","High",50,1e+06,3456.39414637063,3456.47799586902,-0.0024258652446596
"Male","Half Marathon",27,"eta","High",50,1e+06,3468.40736069683,3468.51480758905,-0.00309777810321155
"Male","Half Marathon",28,"eta","High",50,1e+06,3480.95805065628,3481.08988728785,-0.00378722284808397
"Male","Half Marathon",29,"eta","High",50,1e+06,3493.64745524311,3493.80250526608,-0.00443785882944248
"Male","Half Marathon",30,"eta","High",50,1e+06,3506.271214506,3506.44551142074,-0.00497075782799339
"Male","Half Marathon",31,"eta","High",50,1e+06,3518.7344173778,3518.92024381593,-0.0052807800476451
"Male","Half Marathon",32,"eta","High",50,1e+06,3531.09373065085,3531.27854518888,-0.00523364372583268
"Male","Half Marathon",33,"eta","High",50,1e+06,3543.56983623106,3543.73513819995,-0.00466462538679657
"Male","Half Marathon",34,"eta","High",50,1e+06,3556.54650031861,3556.66569941767,-0.0033514282514302
"Male","Half Marathon",35,"eta","High",50,1e+06,3570.41864286161,3570.44797003207,-0.000821386299532101
"Male","Half Marathon",36,"eta","High",50,1e+06,3585.37748017345,3585.23708304038,0.00391597904998431
"Male","Half Marathon",37,"eta","High",50,1e+06,3601.53396812204,3601.09978259121,0.0120570258267172
"Male","Half Marathon",38,"eta","High",50,1e+06,3619.05760973175,3618.161481908,0.0247674911201701
"Male","Half Marathon",39,"eta","High",50,1e+06,3638.24035787639,3636.67310778251,0.0430957099369245
"Male","Half Marathon",40,"eta","High",50,1e+06,3659.53006249622,3657.0684590856,0.0673108375781828
"Male","Half Marathon",41,"eta","High",50,1e+06,3683.37045567797,3679.95498783429,0.0928127614324481
"Male","Half Marathon",42,"eta","High",50,1e+06,3709.96758047468,3706.09486555986,0.104495838755092
"Male","Half Marathon",43,"eta","High",50,1e+06,3739.49080750523,3736.42747059084,0.0819857186711737
"Male","Half Marathon",44,"eta","High",50,1e+06,3771.25875938157,3771.10324667595,0.00412379867220647
"Male","Half Marathon",45,"eta","High",50,1e+06,3803.25118603494,3808.07837349654,-0.126761767698758
"Male","Half Marathon",46,"eta","High",50,1e+06,3835.24252309916,3845.2499333914,-0.260253831755863
"Male","Half Marathon",47,"eta","High",50,1e+06,3867.23226376488,3882.00199650012,-0.380466902092214
"Male","Half Marathon",48,"eta","High",50,1e+06,3899.21988591193,3918.16559249778,-0.483535117099798
"Male","Half Marathon",49,"eta","High",50,1e+06,3931.20500206204,3953.60857639417,-0.566661415748049
"Male","Half Marathon",50,"eta","High",50,1e+06,3963.1872959239,3988.26602831194,-0.628812927974554
"Male","Half Marathon",51,"eta","High",50,1e+06,3995.16652975141,4022.08351425007,-0.669229875593036
"Male","Half Marathon",52,"eta","High",50,1e+06,4027.14248395103,4054.83893297077,-0.683046835585233
"Male","Half Marathon",53,"eta","High",50,1e+06,4059.11507295869,4086.36397985379,-0.666825251726022
"Male","Half Marathon",54,"eta","High",50,1e+06,4091.08435486955,4116.59758675251,-0.619765020634222
"Male","Half Marathon",55,"eta","High",50,1e+06,4123.050522481,4145.57386687624,-0.543310651758111
"Male","Half Marathon",56,"eta","High",50,1e+06,4155.01389880121,4173.39931306281,-0.440538105329469
"Male","Half Marathon",57,"eta","High",50,1e+06,4186.9748083299,4200.21453093244,-0.315215389714796
"Male","Half Marathon",58,"eta","High",50,1e+06,4218.93382381389,4226.2213357828,-0.172435643803326
"Male","Half Marathon",59,"eta","High",50,1e+06,4250.89140899285,4251.93026143551,-0.0244324901580995
"Male","Half Marathon",60,"eta","High",50,1e+06,4282.8700467674,4279.42267202212,0.0805570052198279
"Male","Half Marathon",61,"eta","High",50,1e+06,4317.21920435921,4311.35796662576,0.135948760896687
"Male","Half Marathon",62,"eta","High",50,1e+06,4355.05385807191,4348.3381435775,0.154443244123814
"Male","Half Marathon",63,"eta","High",50,1e+06,4396.46642029621,4390.01402651682,0.146978887548421
"Male","Half Marathon",64,"eta","High",50,1e+06,4441.6380968748,4436.194197748,0.12271552786316
"Male","Half Marathon",65,"eta","High",50,1e+06,4491.23895810761,4487.21487574033,0.0896788426387296
"Male","Half Marathon",66,"eta","High",50,1e+06,4546.8756052137,4544.38197450142,0.0548728237694585
"Male","Half Marathon",67,"eta","High",50,1e+06,4610.94135040613,4609.82255366239,0.0242698440279909
"Male","Half Marathon",68,"eta","High",50,1e+06,4684.93901236606,4684.8652211997,0.00157509688909485
"Male","Half Marathon",69,"eta","High",50,1e+06,4766.84942852356,4767.4955839434,-0.0135533511978148
"Male","Half Marathon",70,"eta","High",50,1e+06,4853.43240039708,4854.56132175775,-0.0232548583867009
"Male","Half Marathon",71,"eta","High",50,1e+06,4941.80322896882,4943.29245063107,-0.0301261088053839
"Male","Half Marathon",72,"eta","High",50,1e+06,5030.2358162453,5031.9899566526,-0.0348597756039348
"Male","Half Marathon",73,"eta","High",50,1e+06,5118.6679978939,5120.36338518175,-0.0331106829791983
"Male","Half Marathon",74,"eta","High",50,1e+06,5207.09976017779,5208.3946408984,-0.0248614171907358
"Male","Half Marathon",75,"eta","High",50,1e+06,5295.53135480074,5296.29659063425,-0.0144485079417667
"Male","Half Marathon",76,"eta","High",50,1e+06,5385.08600002432,5385.40836302729,-0.00598585996161027
"Male","Half Marathon",77,"eta","High",50,1e+06,5476.97032394585,5477.01106369126,-0.000743831716543131
"Male","Half Marathon",78,"eta","High",50,1e+06,5570.3641182343,5570.25390377671,0.00197862538218185
"Male","Half Marathon",79,"eta","High",50,1e+06,5672.45660077598,5672.26379437536,0.00339910849727065
"Male","Half Marathon",80,"eta","High",50,1e+06,5855.23951314075,5854.94777074415,0.00498283516812137
"Male","Marathon",13,"rho","Low",1,1000,8336.15479554274,7907.0689483716,5.42661066917236
"Male","Marathon",14,"rho","Low",1,1000,8207.34881023063,7785.10141269184,5.4237880170759
"Male","Marathon",15,"rho","Low",1,1000,8135.16387382593,7716.96478639834,5.41921725708392
"Male","Marathon",16,"rho","Low",1,1000,8069.48036199966,7655.30495042748,5.41030585005038
"Male","Marathon",17,"rho","Low",1,1000,8005.21588969649,7595.52323438094,5.39387008206467
"Male","Marathon",18,"rho","Low",1,1000,7942.91075132378,7538.39176011343,5.36611792120851
"Male","Marathon",19,"rho","Low",1,1000,7883.08132375828,7484.61307995667,5.32383223481094
"Male","Marathon",20,"rho","Low",1,1000,7826.19053005361,7434.65827325322,5.26631140813778
"Male","Marathon",21,"rho","Low",1,1000,7772.64437781234,7388.89420780957,5.19360758470695
"Male","Marathon",22,"rho","Low",1,1000,7722.7984568869,7347.68115265101,5.10524744395788
"Male","Marathon",23,"rho","Low",1,1000,7676.9639443429,7311.37567036462,5.00026657719319
"Male","Marathon",24,"rho","Low",1,1000,7635.40872794253,7280.22450448443,4.87875371479711
"Male","Marathon",25,"rho","Low",1,1000,7598.35259951751,7254.20699091739,4.74408310971839
"Male","Marathon",26,"rho","Low",1,1000,7565.97797668562,7233.19567136675,4.60076459200758
"Male","Marathon",27,"rho","Low",1,1000,7538.43700588508,7217.06778046283,4.45290573953341
"Male","Marathon",28,"rho","Low",1,1000,7515.85712746677,7205.72430883653,4.30397841130175
"Male","Marathon",29,"rho","Low",1,1000,7498.34450597032,7199.0917822529,4.15681217532373
"Male","Marathon",30,"rho","Low",1,1000,7485.98832876861,7197.12493257047,4.01359430195367
"Male","Marathon",31,"rho","Low",1,1000,7478.86238532618,7199.80669901214,3.87587747810398
"Male","Marathon",32,"rho","Low",1,1000,7477.02531775857,7207.14697009285,3.74459337079733
"Male","Marathon",33,"rho","Low",1,1000,7480.52110963857,7219.18164645397,3.62007047312578
"Male","Marathon",34,"rho","Low",1,1000,7489.37679066527,7235.96900938987,3.50205730492439
"Male","Marathon",35,"rho","Low",1,1000,7503.59810739101,7257.58414650361,3.38975003143329
"Male","Marathon",36,"rho","Low",1,1000,7523.17282477638,7284.12109477122,3.2818198228028
"Male","Marathon",37,"rho","Low",1,1000,7548.07798031121,7315.68975766063,3.17657295960703
"Male","Marathon",38,"rho","Low",1,1000,7578.27835722435,7352.34857260529,3.07289272792199
"Male","Marathon",39,"rho","Low",1,1000,7613.71106277443,7393.9955638181,2.97153950201827
"Male","Marathon",40,"rho","Low",1,1000,7654.28629097348,7440.46071683794,2.87382169294499
"Male","Marathon",41,"rho","Low",1,1000,7699.89794377542,7491.57402697865,2.78077632346092
"Male","Marathon",42,"rho","Low",1,1000,7750.42181293331,7547.12688279292,2.69367314605373
"Male","Marathon",43,"rho","Low",1,1000,7805.70980103375,7606.80092030223,2.61488216683372
"Male","Marathon",44,"rho","Low",1,1000,7865.59727974012,7670.23922678492,2.54696166806634
"Male","Marathon",45,"rho","Low",1,1000,7929.90792650033,7737.09574682967,2.49204851509912
"Male","Marathon",46,"rho","Low",1,1000,7998.45631427449,7807.0438201478,2.45179223450382
"Male","Marathon",47,"rho","Low",1,1000,8071.06019757196,7879.78810370014,2.42737610903527
"Male","Marathon",48,"rho","Low",1,1000,8147.5514934565,7955.07535435027,2.41953885453732
"Male","Marathon",49,"rho","Low",1,1000,8227.78104005338,8032.69917105864,2.42859672496643
"Male","Marathon",50,"rho","Low",1,1000,8311.62288913249,8112.50446559457,2.45446303767696
"Male","Marathon",51,"rho","Low",1,1000,8398.97216305045,8194.38570037652,2.49666625607492
"Male","Marathon",52,"rho","Low",1,1000,8489.74264350025,8278.28506511433,2.55436454196325
"Male","Marathon",53,"rho","Low",1,1000,8583.87106958582,8364.19756983864,2.62635474488708
"Male","Marathon",54,"rho","Low",1,1000,8681.30777686385,8452.16268178372,2.71108240230615
"Male","Marathon",55,"rho","Low",1,1000,8782.01207739075,8542.26089762727,2.80664782587094
"Male","Marathon",56,"rho","Low",1,1000,8885.95195132917,8634.61480860273,2.9108089740846
"Male","Marathon",57,"rho","Low",1,1000,8993.09615854466,8729.3827491997,3.02098575491083
"Male","Marathon",58,"rho","Low",1,1000,9103.41607739764,8826.7623140662,3.13426093835754
"Male","Marathon",59,"rho","Low",1,1000,9216.90210943939,8926.99765225441,3.24750233480531
"Male","Marathon",60,"rho","Low",1,1000,9333.55637180088,9030.29211052417,3.35829957176337
"Male","Marathon",61,"rho","Low",1,1000,9453.35411009112,9136.62329014936,3.46660697156296
"Male","Marathon",62,"rho","Low",1,1000,9576.23788412577,9245.79211507924,3.57401253384872
"Male","Marathon",63,"rho","Low",1,1000,9702.14477309718,9357.58440018415,3.68215084339767
"Male","Marathon",64,"rho","Low",1,1000,9831.02525114652,9471.84189072211,3.79211735762013
"Male","Marathon",65,"rho","Low",1,1000,9962.84580451775,9588.47254852776,3.90440973883246
"Male","Marathon",66,"rho","Low",1,1000,10097.5662680553,9707.430020959,4.01894472846038
"Male","Marathon",67,"rho","Low",1,1000,10235.1167945298,9828.69282269233,4.13507654750562
"Male","Marathon",68,"rho","Low",1,1000,10375.3959569489,9952.26473131732,4.25160741856196
"Male","Marathon",69,"rho","Low",1,1000,10518.2887521803,10078.1951579035,4.36678976127689
"Male","Marathon",70,"rho","Low",1,1000,10663.6660116599,10206.5809828753,4.47833637484991
"Male","Marathon",71,"rho","Low",1,1000,10811.3779223233,10337.5625362723,4.58343429012937
"Male","Marathon",72,"rho","Low",1,1000,10961.2554555064,10471.3274870994,4.67875700583857
"Male","Marathon",73,"rho","Low",1,1000,11113.1165216085,10608.095809492,4.76071032149534
"Male","Marathon",74,"rho","Low",1,1000,11266.7419347524,10747.9272846571,4.82711351086229
"Male","Marathon",75,"rho","Low",1,1000,11421.8422875911,10890.4157321107,4.87976371658105
"Male","Marathon",76,"rho","Low",1,1000,11578.061891354,11034.8756825302,4.92244973528622
"Male","Marathon",77,"rho","Low",1,1000,11735.0057289279,11180.5917961381,4.95871723875456
"Male","Marathon",78,"rho","Low",1,1000,11892.2771168244,11326.9206116109,4.99126395071512
"Male","Marathon",79,"rho","Low",1,1000,12062.6847135873,11485.605736449,5.0243669370178
"Male","Marathon",80,"rho","Low",1,1000,12363.9301093784,11766.1706588133,5.08032279913708
"Male","Marathon",13,"rho","Current",50,1000,7907.0689483716,7907.0689483716,0
"Male","Marathon",14,"rho","Current",50,1000,7785.10141269184,7785.10141269184,0
"Male","Marathon",15,"rho","Current",50,1000,7716.96478639834,7716.96478639834,0
"Male","Marathon",16,"rho","Current",50,1000,7655.30495042748,7655.30495042748,0
"Male","Marathon",17,"rho","Current",50,1000,7595.52323438094,7595.52323438094,0
"Male","Marathon",18,"rho","Current",50,1000,7538.39176011343,7538.39176011343,0
"Male","Marathon",19,"rho","Current",50,1000,7484.61307995667,7484.61307995667,0
"Male","Marathon",20,"rho","Current",50,1000,7434.65827325322,7434.65827325322,0
"Male","Marathon",21,"rho","Current",50,1000,7388.89420780957,7388.89420780957,0
"Male","Marathon",22,"rho","Current",50,1000,7347.68115265101,7347.68115265101,0
"Male","Marathon",23,"rho","Current",50,1000,7311.37567036462,7311.37567036462,0
"Male","Marathon",24,"rho","Current",50,1000,7280.22450448443,7280.22450448443,0
"Male","Marathon",25,"rho","Current",50,1000,7254.20699091739,7254.20699091739,0
"Male","Marathon",26,"rho","Current",50,1000,7233.19567136675,7233.19567136675,0
"Male","Marathon",27,"rho","Current",50,1000,7217.06778046283,7217.06778046283,0
"Male","Marathon",28,"rho","Current",50,1000,7205.72430883653,7205.72430883653,0
"Male","Marathon",29,"rho","Current",50,1000,7199.0917822529,7199.0917822529,0
"Male","Marathon",30,"rho","Current",50,1000,7197.12493257047,7197.12493257047,0
"Male","Marathon",31,"rho","Current",50,1000,7199.80669901214,7199.80669901214,0
"Male","Marathon",32,"rho","Current",50,1000,7207.14697009285,7207.14697009285,0
"Male","Marathon",33,"rho","Current",50,1000,7219.18164645397,7219.18164645397,0
"Male","Marathon",34,"rho","Current",50,1000,7235.96900938987,7235.96900938987,0
"Male","Marathon",35,"rho","Current",50,1000,7257.58414650361,7257.58414650361,0
"Male","Marathon",36,"rho","Current",50,1000,7284.12109477122,7284.12109477122,0
"Male","Marathon",37,"rho","Current",50,1000,7315.68975766063,7315.68975766063,0
"Male","Marathon",38,"rho","Current",50,1000,7352.34857260529,7352.34857260529,0
"Male","Marathon",39,"rho","Current",50,1000,7393.9955638181,7393.9955638181,0
"Male","Marathon",40,"rho","Current",50,1000,7440.46071683794,7440.46071683794,0
"Male","Marathon",41,"rho","Current",50,1000,7491.57402697865,7491.57402697865,0
"Male","Marathon",42,"rho","Current",50,1000,7547.12688279292,7547.12688279292,0
"Male","Marathon",43,"rho","Current",50,1000,7606.80092030223,7606.80092030223,0
"Male","Marathon",44,"rho","Current",50,1000,7670.23922678492,7670.23922678492,0
"Male","Marathon",45,"rho","Current",50,1000,7737.09574682967,7737.09574682967,0
"Male","Marathon",46,"rho","Current",50,1000,7807.0438201478,7807.0438201478,0
"Male","Marathon",47,"rho","Current",50,1000,7879.78810370014,7879.78810370014,0
"Male","Marathon",48,"rho","Current",50,1000,7955.07535435027,7955.07535435027,0
"Male","Marathon",49,"rho","Current",50,1000,8032.69917105864,8032.69917105864,0
"Male","Marathon",50,"rho","Current",50,1000,8112.50446559457,8112.50446559457,0
"Male","Marathon",51,"rho","Current",50,1000,8194.38570037652,8194.38570037652,0
"Male","Marathon",52,"rho","Current",50,1000,8278.28506511433,8278.28506511433,0
"Male","Marathon",53,"rho","Current",50,1000,8364.19756983864,8364.19756983864,0
"Male","Marathon",54,"rho","Current",50,1000,8452.16268178372,8452.16268178372,0
"Male","Marathon",55,"rho","Current",50,1000,8542.26089762727,8542.26089762727,0
"Male","Marathon",56,"rho","Current",50,1000,8634.61480860273,8634.61480860273,0
"Male","Marathon",57,"rho","Current",50,1000,8729.3827491997,8729.3827491997,0
"Male","Marathon",58,"rho","Current",50,1000,8826.7623140662,8826.7623140662,0
"Male","Marathon",59,"rho","Current",50,1000,8926.99765225441,8926.99765225441,0
"Male","Marathon",60,"rho","Current",50,1000,9030.29211052417,9030.29211052417,0
"Male","Marathon",61,"rho","Current",50,1000,9136.62329014936,9136.62329014936,0
"Male","Marathon",62,"rho","Current",50,1000,9245.79211507924,9245.79211507924,0
"Male","Marathon",63,"rho","Current",50,1000,9357.58440018415,9357.58440018415,0
"Male","Marathon",64,"rho","Current",50,1000,9471.84189072211,9471.84189072211,0
"Male","Marathon",65,"rho","Current",50,1000,9588.47254852776,9588.47254852776,0
"Male","Marathon",66,"rho","Current",50,1000,9707.430020959,9707.430020959,0
"Male","Marathon",67,"rho","Current",50,1000,9828.69282269233,9828.69282269233,0
"Male","Marathon",68,"rho","Current",50,1000,9952.26473131732,9952.26473131732,0
"Male","Marathon",69,"rho","Current",50,1000,10078.1951579035,10078.1951579035,0
"Male","Marathon",70,"rho","Current",50,1000,10206.5809828753,10206.5809828753,0
"Male","Marathon",71,"rho","Current",50,1000,10337.5625362723,10337.5625362723,0
"Male","Marathon",72,"rho","Current",50,1000,10471.3274870994,10471.3274870994,0
"Male","Marathon",73,"rho","Current",50,1000,10608.095809492,10608.095809492,0
"Male","Marathon",74,"rho","Current",50,1000,10747.9272846571,10747.9272846571,0
"Male","Marathon",75,"rho","Current",50,1000,10890.4157321107,10890.4157321107,0
"Male","Marathon",76,"rho","Current",50,1000,11034.8756825302,11034.8756825302,0
"Male","Marathon",77,"rho","Current",50,1000,11180.5917961381,11180.5917961381,0
"Male","Marathon",78,"rho","Current",50,1000,11326.9206116109,11326.9206116109,0
"Male","Marathon",79,"rho","Current",50,1000,11485.605736449,11485.605736449,0
"Male","Marathon",80,"rho","Current",50,1000,11766.1706588133,11766.1706588133,0
"Male","Marathon",13,"rho","High",1000,1000,7858.24117132779,7907.0689483716,-0.617520567515328
"Male","Marathon",14,"rho","High",1000,1000,7731.49612135336,7785.10141269184,-0.68856253113273
"Male","Marathon",15,"rho","High",1000,1000,7660.68032744829,7716.96478639834,-0.729360059401307
"Male","Marathon",16,"rho","High",1000,1000,7596.58137170244,7655.30495042748,-0.767096531167744
"Male","Marathon",17,"rho","High",1000,1000,7534.41629163403,7595.52323438094,-0.804512616988851
"Male","Marathon",18,"rho","High",1000,1000,7474.99006822491,7538.39176011343,-0.841050636608975
"Male","Marathon",19,"rho","High",1000,1000,7419.05562032107,7484.61307995667,-0.875896441609691
"Male","Marathon",20,"rho","High",1000,1000,7367.16299844617,7434.65827325322,-0.907846363966269
"Male","Marathon",21,"rho","High",1000,1000,7319.77619084396,7388.89420780957,-0.935431135183362
"Male","Marathon",22,"rho","High",1000,1000,7277.36347785922,7347.68115265101,-0.957004983353404
"Male","Marathon",23,"rho","High",1000,1000,7240.39282404009,7311.37567036462,-0.970854864047632
"Male","Marathon",24,"rho","High",1000,1000,7209.179351429,7280.22450448443,-0.9758648653166
"Male","Marathon",25,"rho","High",1000,1000,7183.66129683027,7254.20699091739,-0.97247975106638
"Male","Marathon",26,"rho","High",1000,1000,7163.6271840134,7233.19567136675,-0.961794627356016
"Male","Marathon",27,"rho","High",1000,1000,7148.87382558154,7217.06778046283,-0.944898357001689
"Male","Marathon",28,"rho","High",1000,1000,7139.23190240545,7205.72430883653,-0.922772001553429
"Male","Marathon",29,"rho","High",1000,1000,7134.56754599121,7199.0917822529,-0.896283006430842
"Male","Marathon",30,"rho","High",1000,1000,7134.78476456756,7197.12493257047,-0.866181545922495
"Male","Marathon",31,"rho","High",1000,1000,7139.82516018624,7199.80669901214,-0.833099294653805
"Male","Marathon",32,"rho","High",1000,1000,7149.66635458113,7207.14697009285,-0.797550206069741
"Male","Marathon",33,"rho","High",1000,1000,7164.32071007187,7219.18164645397,-0.75993289916797
"Male","Marathon",34,"rho","High",1000,1000,7183.83133501296,7235.96900938987,-0.720534793740257
"Male","Marathon",35,"rho","High",1000,1000,7208.26612867094,7257.58414650361,-0.679537664836116
"Male","Marathon",36,"rho","High",1000,1000,7237.71952803748,7284.12109477122,-0.637023549307125
"Male","Marathon",37,"rho","High",1000,1000,7272.30491302725,7315.68975766063,-0.593038333643736
"Male","Marathon",38,"rho","High",1000,1000,7312.05814020704,7352.34857260529,-0.547994045717204
"Male","Marathon",39,"rho","High",1000,1000,7356.78714473825,7393.9955638181,-0.503224795831969
"Male","Marathon",40,"rho","High",1000,1000,7406.20488127387,7440.46071683794,-0.460399387454002
"Male","Marathon",41,"rho","High",1000,1000,7460.02794078055,7491.57402697865,-0.421087558962896
"Male","Marathon",42,"rho","High",1000,1000,7517.95772965961,7547.12688279292,-0.386493477402838
"Male","Marathon",43,"rho","High",1000,1000,7579.63196069305,7606.80092030223,-0.357166697194167
"Male","Marathon",44,"rho","High",1000,1000,7644.6724858207,7670.23922678492,-0.333323905660488
"Male","Marathon",45,"rho","High",1000,1000,7712.71829304163,7737.09574682967,-0.315072406826855
"Male","Marathon",46,"rho","High",1000,1000,7783.4315089166,7807.0438201478,-0.302448811293499
"Male","Marathon",47,"rho","High",1000,1000,7856.50914803825,7879.78810370014,-0.295426163185253
"Male","Marathon",48,"rho","High",1000,1000,7931.69378462443,7955.07535435027,-0.293920153918492
"Male","Marathon",49,"rho","High",1000,1000,8008.77824636734,8032.69917105864,-0.297794355071668
"Male","Marathon",50,"rho","High",1000,1000,8087.61010012709,8112.50446559457,-0.306864120359618
"Male","Marathon",51,"rho","High",1000,1000,8168.08996819165,8194.38570037652,-0.320899371183603
"Male","Marathon",52,"rho","High",1000,1000,8250.1698463864,8278.28506511433,-0.339626124333581
"Male","Marathon",53,"rho","High",1000,1000,8333.85840071446,8364.19756983864,-0.362726595956764
"Male","Marathon",54,"rho","High",1000,1000,8419.21286855628,8452.16268178372,-0.389838843240142
"Male","Marathon",55,"rho","High",1000,1000,8506.33595393003,8542.26089762727,-0.420555449286464
"Male","Marathon",56,"rho","High",1000,1000,8595.37727172518,8634.61480860273,-0.454421392815996
"Male","Marathon",57,"rho","High",1000,1000,8686.52742837194,8729.3827491997,-0.490931856913845
"Male","Marathon",58,"rho","High",1000,1000,8780.02201960392,8826.7623140662,-0.529529320029343
"Male","Marathon",59,"rho","High",1000,1000,8876.1436058452,8926.99765225441,-0.56966573074394
"Male","Marathon",60,"rho","High",1000,1000,8975.09962041046,9030.29211052417,-0.61119274369188
"Male","Marathon",61,"rho","High",1000,1000,9076.81884365167,9136.62329014936,-0.654557428915448
"Male","Marathon",62,"rho","High",1000,1000,9181.11562605637,9245.79211507924,-0.69952350450736
"Male","Marathon",63,"rho","High",1000,1000,9287.83695284277,9357.58440018415,-0.745357395226953
"Male","Marathon",64,"rho","High",1000,1000,9396.90077657245,9471.84189072211,-0.791198955960892
"Male","Marathon",65,"rho","High",1000,1000,9508.30142995821,9588.47254852776,-0.836119811198222
"Male","Marathon",66,"rho","High",1000,1000,9622.08984699375,9707.430020959,-0.879122216497985
"Male","Marathon",67,"rho","High",1000,1000,9738.353501694,9828.69282269233,-0.919138715880441
"Male","Marathon",68,"rho","High",1000,1000,9857.21755119176,9952.26473131732,-0.955030665798762
"Male","Marathon",69,"rho","High",1000,1000,9978.86592845934,10078.1951579035,-0.985585493115315
"Male","Marathon",70,"rho","High",1000,1000,10103.5438572788,10206.5809828753,-1.00951656357223
"Male","Marathon",71,"rho","High",1000,1000,10231.5544489137,10337.5625362723,-1.02546501640655
"Male","Marathon",72,"rho","High",1000,1000,10363.2631235542,10471.3274870994,-1.03200252000806
"Male","Marathon",73,"rho","High",1000,1000,10499.0659282772,10608.095809492,-1.02779879794397
"Male","Marathon",74,"rho","High",1000,1000,10639.0833600255,10747.9272846571,-1.01269688330524
"Male","Marathon",75,"rho","High",1000,1000,10782.722763098,10890.4157321107,-0.988878401539761
"Male","Marathon",76,"rho","High",1000,1000,10929.091065166,11034.8756825302,-0.958638958947167
"Male","Marathon",77,"rho","High",1000,1000,11077.3081851701,11180.5917961381,-0.923775886385847
"Male","Marathon",78,"rho","High",1000,1000,11226.586833468,11326.9206116109,-0.885799252800124
"Male","Marathon",79,"rho","High",1000,1000,11388.8328343016,11485.605736449,-0.842558105927704
"Male","Marathon",80,"rho","High",1000,1000,11676.1574166209,11766.1706588133,-0.765017309391536
"Male","Marathon",13,"eta","Low",50,0,7907.0689483716,7907.0689483716,0
"Male","Marathon",14,"eta","Low",50,0,7785.10141269184,7785.10141269184,0
"Male","Marathon",15,"eta","Low",50,0,7716.96478639834,7716.96478639834,0
"Male","Marathon",16,"eta","Low",50,0,7655.30495042748,7655.30495042748,0
"Male","Marathon",17,"eta","Low",50,0,7595.52323438094,7595.52323438094,0
"Male","Marathon",18,"eta","Low",50,0,7538.39176011343,7538.39176011343,0
"Male","Marathon",19,"eta","Low",50,0,7484.61307995667,7484.61307995667,0
"Male","Marathon",20,"eta","Low",50,0,7434.65827325322,7434.65827325322,0
"Male","Marathon",21,"eta","Low",50,0,7388.89420780957,7388.89420780957,0
"Male","Marathon",22,"eta","Low",50,0,7347.68115265101,7347.68115265101,0
"Male","Marathon",23,"eta","Low",50,0,7311.37567036462,7311.37567036462,0
"Male","Marathon",24,"eta","Low",50,0,7280.22450448443,7280.22450448443,0
"Male","Marathon",25,"eta","Low",50,0,7254.20699091739,7254.20699091739,0
"Male","Marathon",26,"eta","Low",50,0,7233.19567136675,7233.19567136675,0
"Male","Marathon",27,"eta","Low",50,0,7217.06778046283,7217.06778046283,0
"Male","Marathon",28,"eta","Low",50,0,7205.72430883653,7205.72430883653,0
"Male","Marathon",29,"eta","Low",50,0,7199.0917822529,7199.0917822529,0
"Male","Marathon",30,"eta","Low",50,0,7197.12493257047,7197.12493257047,0
"Male","Marathon",31,"eta","Low",50,0,7199.80669901214,7199.80669901214,0
"Male","Marathon",32,"eta","Low",50,0,7207.14697009285,7207.14697009285,0
"Male","Marathon",33,"eta","Low",50,0,7219.18164645397,7219.18164645397,0
"Male","Marathon",34,"eta","Low",50,0,7235.96900938987,7235.96900938987,0
"Male","Marathon",35,"eta","Low",50,0,7257.58414650361,7257.58414650361,0
"Male","Marathon",36,"eta","Low",50,0,7284.12109477122,7284.12109477122,0
"Male","Marathon",37,"eta","Low",50,0,7315.68975766063,7315.68975766063,0
"Male","Marathon",38,"eta","Low",50,0,7352.34857260529,7352.34857260529,0
"Male","Marathon",39,"eta","Low",50,0,7393.9955638181,7393.9955638181,0
"Male","Marathon",40,"eta","Low",50,0,7440.46071683794,7440.46071683794,0
"Male","Marathon",41,"eta","Low",50,0,7491.57402697865,7491.57402697865,0
"Male","Marathon",42,"eta","Low",50,0,7547.12688279292,7547.12688279292,0
"Male","Marathon",43,"eta","Low",50,0,7606.80092030223,7606.80092030223,0
"Male","Marathon",44,"eta","Low",50,0,7670.23922678492,7670.23922678492,0
"Male","Marathon",45,"eta","Low",50,0,7737.09574682967,7737.09574682967,0
"Male","Marathon",46,"eta","Low",50,0,7807.0438201478,7807.0438201478,0
"Male","Marathon",47,"eta","Low",50,0,7879.78810370014,7879.78810370014,0
"Male","Marathon",48,"eta","Low",50,0,7955.07535435027,7955.07535435027,0
"Male","Marathon",49,"eta","Low",50,0,8032.69917105864,8032.69917105864,0
"Male","Marathon",50,"eta","Low",50,0,8112.50446559457,8112.50446559457,0
"Male","Marathon",51,"eta","Low",50,0,8194.38570037652,8194.38570037652,0
"Male","Marathon",52,"eta","Low",50,0,8278.28506511433,8278.28506511433,0
"Male","Marathon",53,"eta","Low",50,0,8364.19756983864,8364.19756983864,0
"Male","Marathon",54,"eta","Low",50,0,8452.16268178372,8452.16268178372,0
"Male","Marathon",55,"eta","Low",50,0,8542.26089762727,8542.26089762727,0
"Male","Marathon",56,"eta","Low",50,0,8634.61480860273,8634.61480860273,0
"Male","Marathon",57,"eta","Low",50,0,8729.3827491997,8729.3827491997,0
"Male","Marathon",58,"eta","Low",50,0,8826.7623140662,8826.7623140662,0
"Male","Marathon",59,"eta","Low",50,0,8926.99765225441,8926.99765225441,0
"Male","Marathon",60,"eta","Low",50,0,9030.29211052417,9030.29211052417,0
"Male","Marathon",61,"eta","Low",50,0,9136.62329014936,9136.62329014936,0
"Male","Marathon",62,"eta","Low",50,0,9245.79211507924,9245.79211507924,0
"Male","Marathon",63,"eta","Low",50,0,9357.58440018415,9357.58440018415,0
"Male","Marathon",64,"eta","Low",50,0,9471.84189072211,9471.84189072211,0
"Male","Marathon",65,"eta","Low",50,0,9588.47254852776,9588.47254852776,0
"Male","Marathon",66,"eta","Low",50,0,9707.430020959,9707.430020959,0
"Male","Marathon",67,"eta","Low",50,0,9828.69282269233,9828.69282269233,0
"Male","Marathon",68,"eta","Low",50,0,9952.26473131732,9952.26473131732,0
"Male","Marathon",69,"eta","Low",50,0,10078.1951579035,10078.1951579035,0
"Male","Marathon",70,"eta","Low",50,0,10206.5809828753,10206.5809828753,0
"Male","Marathon",71,"eta","Low",50,0,10337.5625362723,10337.5625362723,0
"Male","Marathon",72,"eta","Low",50,0,10471.3274870994,10471.3274870994,0
"Male","Marathon",73,"eta","Low",50,0,10608.095809492,10608.095809492,0
"Male","Marathon",74,"eta","Low",50,0,10747.9272846571,10747.9272846571,0
"Male","Marathon",75,"eta","Low",50,0,10890.4157321107,10890.4157321107,0
"Male","Marathon",76,"eta","Low",50,0,11034.8756825302,11034.8756825302,0
"Male","Marathon",77,"eta","Low",50,0,11180.5917961381,11180.5917961381,0
"Male","Marathon",78,"eta","Low",50,0,11326.9206116109,11326.9206116109,0
"Male","Marathon",79,"eta","Low",50,0,11485.605736449,11485.605736449,0
"Male","Marathon",80,"eta","Low",50,0,11766.1706588133,11766.1706588133,0
"Male","Marathon",13,"eta","Current",50,1000,7907.0689483716,7907.0689483716,0
"Male","Marathon",14,"eta","Current",50,1000,7785.10141269184,7785.10141269184,0
"Male","Marathon",15,"eta","Current",50,1000,7716.96478639834,7716.96478639834,0
"Male","Marathon",16,"eta","Current",50,1000,7655.30495042748,7655.30495042748,0
"Male","Marathon",17,"eta","Current",50,1000,7595.52323438094,7595.52323438094,0
"Male","Marathon",18,"eta","Current",50,1000,7538.39176011343,7538.39176011343,0
"Male","Marathon",19,"eta","Current",50,1000,7484.61307995667,7484.61307995667,0
"Male","Marathon",20,"eta","Current",50,1000,7434.65827325322,7434.65827325322,0
"Male","Marathon",21,"eta","Current",50,1000,7388.89420780957,7388.89420780957,0
"Male","Marathon",22,"eta","Current",50,1000,7347.68115265101,7347.68115265101,0
"Male","Marathon",23,"eta","Current",50,1000,7311.37567036462,7311.37567036462,0
"Male","Marathon",24,"eta","Current",50,1000,7280.22450448443,7280.22450448443,0
"Male","Marathon",25,"eta","Current",50,1000,7254.20699091739,7254.20699091739,0
"Male","Marathon",26,"eta","Current",50,1000,7233.19567136675,7233.19567136675,0
"Male","Marathon",27,"eta","Current",50,1000,7217.06778046283,7217.06778046283,0
"Male","Marathon",28,"eta","Current",50,1000,7205.72430883653,7205.72430883653,0
"Male","Marathon",29,"eta","Current",50,1000,7199.0917822529,7199.0917822529,0
"Male","Marathon",30,"eta","Current",50,1000,7197.12493257047,7197.12493257047,0
"Male","Marathon",31,"eta","Current",50,1000,7199.80669901214,7199.80669901214,0
"Male","Marathon",32,"eta","Current",50,1000,7207.14697009285,7207.14697009285,0
"Male","Marathon",33,"eta","Current",50,1000,7219.18164645397,7219.18164645397,0
"Male","Marathon",34,"eta","Current",50,1000,7235.96900938987,7235.96900938987,0
"Male","Marathon",35,"eta","Current",50,1000,7257.58414650361,7257.58414650361,0
"Male","Marathon",36,"eta","Current",50,1000,7284.12109477122,7284.12109477122,0
"Male","Marathon",37,"eta","Current",50,1000,7315.68975766063,7315.68975766063,0
"Male","Marathon",38,"eta","Current",50,1000,7352.34857260529,7352.34857260529,0
"Male","Marathon",39,"eta","Current",50,1000,7393.9955638181,7393.9955638181,0
"Male","Marathon",40,"eta","Current",50,1000,7440.46071683794,7440.46071683794,0
"Male","Marathon",41,"eta","Current",50,1000,7491.57402697865,7491.57402697865,0
"Male","Marathon",42,"eta","Current",50,1000,7547.12688279292,7547.12688279292,0
"Male","Marathon",43,"eta","Current",50,1000,7606.80092030223,7606.80092030223,0
"Male","Marathon",44,"eta","Current",50,1000,7670.23922678492,7670.23922678492,0
"Male","Marathon",45,"eta","Current",50,1000,7737.09574682967,7737.09574682967,0
"Male","Marathon",46,"eta","Current",50,1000,7807.0438201478,7807.0438201478,0
"Male","Marathon",47,"eta","Current",50,1000,7879.78810370014,7879.78810370014,0
"Male","Marathon",48,"eta","Current",50,1000,7955.07535435027,7955.07535435027,0
"Male","Marathon",49,"eta","Current",50,1000,8032.69917105864,8032.69917105864,0
"Male","Marathon",50,"eta","Current",50,1000,8112.50446559457,8112.50446559457,0
"Male","Marathon",51,"eta","Current",50,1000,8194.38570037652,8194.38570037652,0
"Male","Marathon",52,"eta","Current",50,1000,8278.28506511433,8278.28506511433,0
"Male","Marathon",53,"eta","Current",50,1000,8364.19756983864,8364.19756983864,0
"Male","Marathon",54,"eta","Current",50,1000,8452.16268178372,8452.16268178372,0
"Male","Marathon",55,"eta","Current",50,1000,8542.26089762727,8542.26089762727,0
"Male","Marathon",56,"eta","Current",50,1000,8634.61480860273,8634.61480860273,0
"Male","Marathon",57,"eta","Current",50,1000,8729.3827491997,8729.3827491997,0
"Male","Marathon",58,"eta","Current",50,1000,8826.7623140662,8826.7623140662,0
"Male","Marathon",59,"eta","Current",50,1000,8926.99765225441,8926.99765225441,0
"Male","Marathon",60,"eta","Current",50,1000,9030.29211052417,9030.29211052417,0
"Male","Marathon",61,"eta","Current",50,1000,9136.62329014936,9136.62329014936,0
"Male","Marathon",62,"eta","Current",50,1000,9245.79211507924,9245.79211507924,0
"Male","Marathon",63,"eta","Current",50,1000,9357.58440018415,9357.58440018415,0
"Male","Marathon",64,"eta","Current",50,1000,9471.84189072211,9471.84189072211,0
"Male","Marathon",65,"eta","Current",50,1000,9588.47254852776,9588.47254852776,0
"Male","Marathon",66,"eta","Current",50,1000,9707.430020959,9707.430020959,0
"Male","Marathon",67,"eta","Current",50,1000,9828.69282269233,9828.69282269233,0
"Male","Marathon",68,"eta","Current",50,1000,9952.26473131732,9952.26473131732,0
"Male","Marathon",69,"eta","Current",50,1000,10078.1951579035,10078.1951579035,0
"Male","Marathon",70,"eta","Current",50,1000,10206.5809828753,10206.5809828753,0
"Male","Marathon",71,"eta","Current",50,1000,10337.5625362723,10337.5625362723,0
"Male","Marathon",72,"eta","Current",50,1000,10471.3274870994,10471.3274870994,0
"Male","Marathon",73,"eta","Current",50,1000,10608.095809492,10608.095809492,0
"Male","Marathon",74,"eta","Current",50,1000,10747.9272846571,10747.9272846571,0
"Male","Marathon",75,"eta","Current",50,1000,10890.4157321107,10890.4157321107,0
"Male","Marathon",76,"eta","Current",50,1000,11034.8756825302,11034.8756825302,0
"Male","Marathon",77,"eta","Current",50,1000,11180.5917961381,11180.5917961381,0
"Male","Marathon",78,"eta","Current",50,1000,11326.9206116109,11326.9206116109,0
"Male","Marathon",79,"eta","Current",50,1000,11485.605736449,11485.605736449,0
"Male","Marathon",80,"eta","Current",50,1000,11766.1706588133,11766.1706588133,0
"Male","Marathon",13,"eta","High",50,1e+06,7907.0689483716,7907.0689483716,0
"Male","Marathon",14,"eta","High",50,1e+06,7785.10141269184,7785.10141269184,0
"Male","Marathon",15,"eta","High",50,1e+06,7716.96478639834,7716.96478639834,0
"Male","Marathon",16,"eta","High",50,1e+06,7655.30495042748,7655.30495042748,0
"Male","Marathon",17,"eta","High",50,1e+06,7595.52323438094,7595.52323438094,0
"Male","Marathon",18,"eta","High",50,1e+06,7538.39176011343,7538.39176011343,0
"Male","Marathon",19,"eta","High",50,1e+06,7484.61307995667,7484.61307995667,0
"Male","Marathon",20,"eta","High",50,1e+06,7434.65827325322,7434.65827325322,0
"Male","Marathon",21,"eta","High",50,1e+06,7388.89420780957,7388.89420780957,0
"Male","Marathon",22,"eta","High",50,1e+06,7347.68115265101,7347.68115265101,0
"Male","Marathon",23,"eta","High",50,1e+06,7311.37567036462,7311.37567036462,0
"Male","Marathon",24,"eta","High",50,1e+06,7280.22450448443,7280.22450448443,0
"Male","Marathon",25,"eta","High",50,1e+06,7254.20699091739,7254.20699091739,0
"Male","Marathon",26,"eta","High",50,1e+06,7233.19567136675,7233.19567136675,0
"Male","Marathon",27,"eta","High",50,1e+06,7217.06778046283,7217.06778046283,0
"Male","Marathon",28,"eta","High",50,1e+06,7205.72430883653,7205.72430883653,0
"Male","Marathon",29,"eta","High",50,1e+06,7199.0917822529,7199.0917822529,0
"Male","Marathon",30,"eta","High",50,1e+06,7197.12493257047,7197.12493257047,0
"Male","Marathon",31,"eta","High",50,1e+06,7199.80669901214,7199.80669901214,0
"Male","Marathon",32,"eta","High",50,1e+06,7207.14697009285,7207.14697009285,0
"Male","Marathon",33,"eta","High",50,1e+06,7219.18164645397,7219.18164645397,0
"Male","Marathon",34,"eta","High",50,1e+06,7235.96900938987,7235.96900938987,0
"Male","Marathon",35,"eta","High",50,1e+06,7257.58414650361,7257.58414650361,0
"Male","Marathon",36,"eta","High",50,1e+06,7284.12109477122,7284.12109477122,0
"Male","Marathon",37,"eta","High",50,1e+06,7315.68975766063,7315.68975766063,0
"Male","Marathon",38,"eta","High",50,1e+06,7352.34857260529,7352.34857260529,0
"Male","Marathon",39,"eta","High",50,1e+06,7393.9955638181,7393.9955638181,0
"Male","Marathon",40,"eta","High",50,1e+06,7440.46071683794,7440.46071683794,0
"Male","Marathon",41,"eta","High",50,1e+06,7491.57402697865,7491.57402697865,0
"Male","Marathon",42,"eta","High",50,1e+06,7547.12688279292,7547.12688279292,0
"Male","Marathon",43,"eta","High",50,1e+06,7606.80092030223,7606.80092030223,0
"Male","Marathon",44,"eta","High",50,1e+06,7670.23922678492,7670.23922678492,0
"Male","Marathon",45,"eta","High",50,1e+06,7737.09574682967,7737.09574682967,0
"Male","Marathon",46,"eta","High",50,1e+06,7807.0438201478,7807.0438201478,0
"Male","Marathon",47,"eta","High",50,1e+06,7879.78810370014,7879.78810370014,0
"Male","Marathon",48,"eta","High",50,1e+06,7955.07535435027,7955.07535435027,0
"Male","Marathon",49,"eta","High",50,1e+06,8032.69917105864,8032.69917105864,0
"Male","Marathon",50,"eta","High",50,1e+06,8112.50446559457,8112.50446559457,0
"Male","Marathon",51,"eta","High",50,1e+06,8194.38570037652,8194.38570037652,0
"Male","Marathon",52,"eta","High",50,1e+06,8278.28506511433,8278.28506511433,0
"Male","Marathon",53,"eta","High",50,1e+06,8364.19756983864,8364.19756983864,0
"Male","Marathon",54,"eta","High",50,1e+06,8452.16268178372,8452.16268178372,0
"Male","Marathon",55,"eta","High",50,1e+06,8542.26089762727,8542.26089762727,0
"Male","Marathon",56,"eta","High",50,1e+06,8634.61480860273,8634.61480860273,0
"Male","Marathon",57,"eta","High",50,1e+06,8729.3827491997,8729.3827491997,0
"Male","Marathon",58,"eta","High",50,1e+06,8826.7623140662,8826.7623140662,0
"Male","Marathon",59,"eta","High",50,1e+06,8926.99765225441,8926.99765225441,0
"Male","Marathon",60,"eta","High",50,1e+06,9030.29211052417,9030.29211052417,0
"Male","Marathon",61,"eta","High",50,1e+06,9136.62329014936,9136.62329014936,0
"Male","Marathon",62,"eta","High",50,1e+06,9245.79211507924,9245.79211507924,0
"Male","Marathon",63,"eta","High",50,1e+06,9357.58440018415,9357.58440018415,0
"Male","Marathon",64,"eta","High",50,1e+06,9471.84189072211,9471.84189072211,0
"Male","Marathon",65,"eta","High",50,1e+06,9588.47254852776,9588.47254852776,0
"Male","Marathon",66,"eta","High",50,1e+06,9707.430020959,9707.430020959,0
"Male","Marathon",67,"eta","High",50,1e+06,9828.69282269233,9828.69282269233,0
"Male","Marathon",68,"eta","High",50,1e+06,9952.26473131732,9952.26473131732,0
"Male","Marathon",69,"eta","High",50,1e+06,10078.1951579035,10078.1951579035,0
"Male","Marathon",70,"eta","High",50,1e+06,10206.5809828753,10206.5809828753,0
"Male","Marathon",71,"eta","High",50,1e+06,10337.5625362723,10337.5625362723,0
"Male","Marathon",72,"eta","High",50,1e+06,10471.3274870994,10471.3274870994,0
"Male","Marathon",73,"eta","High",50,1e+06,10608.095809492,10608.095809492,0
"Male","Marathon",74,"eta","High",50,1e+06,10747.9272846571,10747.9272846571,0
"Male","Marathon",75,"eta","High",50,1e+06,10890.4157321107,10890.4157321107,0
"Male","Marathon",76,"eta","High",50,1e+06,11034.8756825302,11034.8756825302,0
"Male","Marathon",77,"eta","High",50,1e+06,11180.5917961381,11180.5917961381,0
"Male","Marathon",78,"eta","High",50,1e+06,11326.9206116109,11326.9206116109,0
"Male","Marathon",79,"eta","High",50,1e+06,11485.605736449,11485.605736449,0
"Male","Marathon",80,"eta","High",50,1e+06,11766.1706588133,11766.1706588133,0
